,0,1,2,3,4,5,6,7,8,9,10,11,12,13,14,15,16,17,18,19,20,21,22,23,24,25,26,27,28,29,30,31,32,33,34,35,36,37,38,39,40,41,42,43,44,45,46,47,48,49,50,51,52,53,54,55,56,57,58,59,60,61,62,63,64,65,66,67,68,69,70,71,72,73,74,75,76,77,78,79,80,81,82,83,84,85,86,87,88,89,90,91,92,93,94,95,96,97,98,99,100,101,102,103,104,105,106,107,108,109,110,111,112,113,114,115,116,117,118,119,120,121,122,123,124,125,126,127,128,129,130,131,132,133,134,135,136,137,138,139
spect_entropy_ch_Fp1,5.917711,5.712707,6.002204,5.876839,5.827572,5.85498,6.049499,5.973365,5.622172,6.198819,6.143707,5.729699,6.236,6.045296,5.974937,6.083737,6.021548,5.954072,5.780391,5.832835,6.017313,6.054404,5.680163,5.952475,5.134988,6.046435,5.826226,5.948807,6.010477,5.878486,6.085508,5.386821,5.972394,5.15878,5.053712,5.829785,5.988063,6.021923,5.681465,5.535625,5.536074,6.013009,6.084723,5.929174,5.826173,5.960299,5.938467,5.336067,5.880557,5.728418,6.133412,5.052331,5.583469,6.102473,5.883077,6.06638,5.6552,5.863182,5.5149,5.808071,5.802633,6.040976,5.576517,5.734893,5.543527,5.980701,5.753613,5.009428,5.776575,5.464951,5.364581,5.767755,5.466351,6.224058,6.169263,5.316497,3.714813,5.310735,6.007007,5.926202,6.118761,5.742263,3.783789,5.900245,5.916186,5.953367,5.946651,3.447294,5.671878,5.834543,5.716477,5.523412,3.09871,4.257282,5.325635,3.694222,5.914926,5.947606,5.52024,5.878509,2.74503,5.486705,4.94107,6.008586,4.187719,2.40756,5.937327,5.939092,5.667539,5.486409,2.305489,4.096385,5.922018,5.722335,5.904807,5.621621,5.577262,6.006134,5.880676,5.616168,4.889165,5.690392,6.009629,5.810286,6.05589,3.504006,5.882678,5.956071,5.858321,5.881811,5.111126,5.842783,3.801056,5.991835,5.984079,5.420108,5.85745,5.94763,2.440362,5.858702
spect_entropy_ch_F3,5.72049,5.58901,5.287535,5.35098,5.657863,5.841341,5.660883,5.468963,4.838431,4.782489,5.438805,5.231504,5.276014,5.685773,5.694747,5.321789,5.176393,5.229917,5.212987,5.414953,5.774625,5.291373,5.356519,4.366694,5.381579,5.58149,5.433581,5.207873,4.842055,5.107164,5.408905,5.747067,5.578476,3.638642,5.457872,5.031764,5.630308,4.619409,4.418255,4.305277,5.440926,5.472578,5.380869,5.119196,5.077755,4.451556,5.317984,4.601122,4.413695,5.321097,5.280494,4.745857,4.369858,4.617609,5.436138,3.134032,4.549079,4.841316,4.769403,5.102625,5.202098,4.692846,5.353238,3.945255,5.149143,5.034786,5.024136,4.835667,5.216408,4.635131,5.010636,5.368701,4.796876,4.213711,5.214678,5.399333,4.363937,4.582788,5.08144,5.431839,4.901685,5.084783,3.693422,4.691689,4.735692,4.963777,5.039274,3.847248,4.865715,4.992289,5.094774,5.093802,3.061005,4.484154,5.01096,5.254429,5.308295,4.390251,5.067072,5.34157,3.679299,4.951266,4.719829,4.946004,4.20544,3.330272,4.861769,4.914818,4.442653,5.500803,3.405114,3.840481,5.280001,4.068842,5.301676,4.928245,5.116489,5.710741,4.280785,4.945156,3.548226,4.794441,5.150975,4.045973,4.681476,4.749572,5.105156,4.922521,5.387669,5.094829,5.08212,4.8551,4.411068,4.438065,5.119508,4.586969,5.422801,4.805843,4.606842,5.244483
spect_entropy_ch_F7,4.742571,4.466818,4.432438,5.463779,5.348715,4.984946,4.667161,4.430033,3.634643,4.829716,5.381818,4.484604,5.261891,3.351239,4.939069,3.200362,5.09111,5.276432,5.084403,5.023577,5.529259,5.522175,4.50561,5.338404,4.509048,4.975243,4.52473,5.663837,4.263282,5.4914,5.464945,4.417649,4.742176,3.970041,4.747307,4.293171,4.802662,5.030723,3.93284,5.063243,4.849038,3.744173,4.199144,5.024997,3.97767,4.884891,4.890622,4.274671,5.09649,4.269684,5.562921,4.330501,4.491866,4.216833,3.762923,4.765524,4.918858,3.70173,3.68736,3.169251,3.867846,4.960564,3.957776,3.731005,5.01922,5.084238,4.980745,4.161969,5.18133,5.546317,5.689106,4.362917,4.548326,5.449839,4.163018,5.182118,3.404278,4.024645,4.878876,5.613634,4.852652,5.677538,3.900581,4.67789,4.579279,4.507901,5.02434,3.116304,4.319308,5.169129,4.203376,4.801716,2.662864,3.205574,4.357583,5.039595,4.583597,5.494251,4.542814,4.895094,2.768932,5.455327,4.048418,5.404627,4.056074,2.396159,5.71883,5.368534,5.141998,4.174493,2.619564,2.785616,5.308912,5.707745,5.954419,5.608999,5.15044,5.174089,4.066584,5.789772,5.491098,4.938892,5.57298,5.860989,5.907478,3.169708,5.057692,5.623972,5.923648,5.291858,5.278998,5.721986,2.974041,3.858094,4.399079,5.77327,5.722424,5.18557,2.598101,5.23476
spect_entropy_ch_FT9,4.510728,4.336214,4.09213,4.59086,4.912895,3.596089,3.987945,3.265357,4.014627,4.710464,4.900445,3.973863,4.013134,3.444869,4.83714,3.403565,5.188992,4.620127,4.209124,4.675997,4.773168,5.38219,3.431284,4.966212,5.310749,4.469343,3.720346,5.122631,3.843317,4.868167,5.04925,4.201586,4.1395,4.87419,3.894319,4.084173,4.034101,4.213648,3.721455,4.720646,3.905503,3.342629,3.984124,4.288426,3.662549,4.06614,4.2839,3.620237,3.674957,3.698203,5.171328,3.867528,3.560089,3.987255,3.254053,3.645071,3.949934,3.55435,4.532911,3.493886,3.118367,4.268788,3.003288,3.586032,5.184718,3.721388,3.946184,3.482416,4.223041,5.180039,4.236199,3.796186,5.171083,4.475146,3.494748,4.729256,3.919721,3.189682,5.110955,3.988237,4.427805,4.575874,3.694527,4.032075,4.256498,4.753844,4.498898,4.011447,3.950423,4.607106,3.403021,4.158382,3.099293,3.733695,3.330893,3.752996,4.294467,4.6041,4.063021,4.167824,3.232394,4.775938,3.564656,4.830293,3.972714,3.040565,4.868142,4.466344,4.289404,2.478591,2.717899,2.062955,4.710092,4.190331,4.424996,4.280586,4.56817,4.851017,3.54587,4.944217,3.599296,3.57286,4.275769,4.435984,4.391122,2.812879,4.40903,4.926979,4.936159,4.891221,4.542531,4.838654,3.155765,3.811536,3.272738,4.932975,4.014946,4.333053,2.671333,4.222893
spect_entropy_ch_FC5,4.69651,5.060733,3.572252,4.743697,4.765596,3.811051,4.145693,4.327943,3.827001,3.973992,4.891272,4.333167,4.909246,4.190263,4.684755,3.636782,4.168632,4.259081,4.188857,4.671424,4.326853,4.575896,3.884274,4.415366,4.606595,4.612939,4.146526,5.061454,3.530541,4.875712,4.959511,3.948803,4.722485,3.319052,4.355668,3.987184,5.027375,3.512956,3.852535,4.718448,4.543929,4.45089,4.422587,4.959526,3.964686,4.296308,4.884531,3.949299,4.45932,4.863575,4.816462,4.352685,4.990476,4.353762,4.217347,3.372137,4.25708,4.024193,3.664806,4.49068,4.425537,4.477359,3.845063,3.719402,4.817194,4.728566,4.106591,3.944428,4.570739,5.02699,4.744035,4.254901,4.655314,4.100929,3.743597,4.831796,3.933166,4.054438,4.297532,4.809022,4.416377,4.90841,3.272473,5.094459,4.652769,4.438805,4.27275,3.267004,4.131876,4.789478,4.503389,4.775276,2.795917,3.97546,4.343813,3.889039,4.668634,4.585878,4.431776,4.55769,2.836572,4.577919,3.978047,4.066289,3.919199,2.502229,4.280301,4.369653,4.489856,3.964204,2.61823,4.312408,4.780306,4.396211,4.660632,4.586605,4.419835,4.327553,3.307019,4.711812,3.350023,3.802325,4.884119,3.877996,4.788035,3.576457,5.21285,3.997919,5.092747,4.160827,5.526016,4.989709,3.707076,3.772606,3.886176,4.753001,4.754246,4.548288,2.775689,4.320739
spect_entropy_ch_FC1,4.797835,5.02218,4.068306,4.323553,5.156193,4.971185,4.040329,4.975994,4.753746,3.157028,4.830029,4.561395,4.14691,5.051854,5.175065,4.455596,4.476781,3.998961,4.045516,4.513485,5.133832,4.869181,4.591285,4.329772,5.029521,4.87945,3.66765,3.581509,4.058796,4.320546,4.116028,5.003746,4.647974,4.342444,4.503535,4.100112,5.415202,4.183011,3.88099,3.645963,4.566415,3.043798,4.354401,3.970706,3.582446,4.507341,4.562352,3.736363,3.835361,4.616155,4.384235,3.901386,3.780996,4.316839,4.994126,3.306112,3.521517,4.51451,4.55241,4.082538,4.248659,4.20208,4.689274,3.935289,4.296485,4.751693,3.804874,4.407948,4.541075,4.753892,3.831178,4.904933,4.70639,3.815659,4.786827,3.843292,4.299624,4.023709,4.498714,4.460902,4.623069,4.476475,3.267634,3.888615,4.661844,4.683628,4.166554,3.828592,4.571753,4.452401,4.589842,3.831156,3.050194,4.850201,4.053302,4.26518,4.957861,3.41652,4.86005,4.622751,4.240246,4.468124,4.682478,4.974978,4.110843,3.706308,4.455943,4.710257,3.930465,3.796654,4.066351,3.575739,4.279519,3.063996,5.061917,4.594629,4.316555,5.171363,3.521573,4.284058,2.688769,3.818804,4.459088,3.641632,4.426282,4.097974,5.130576,5.040632,4.729273,5.026725,4.850796,4.610345,4.092597,4.227041,4.61109,4.537205,4.474167,3.908594,4.569541,4.665693
spect_entropy_ch_C3,5.223026,4.542515,5.385072,4.499678,4.711297,4.434861,3.698403,5.311499,4.474514,4.812283,5.205473,3.685609,4.27898,4.069715,5.060035,4.537141,3.522794,4.221498,4.433208,4.120582,4.90582,4.25682,5.33429,4.482703,4.705983,4.68162,3.67984,4.134324,4.046855,4.81371,5.13925,4.670526,4.744496,4.181651,4.872914,4.574275,3.503017,4.435186,4.539963,4.991476,3.477796,4.104424,4.183191,5.137547,4.338,4.808114,4.547238,3.581061,4.295066,4.526269,4.919611,4.268552,4.030301,4.45381,4.776803,3.21085,4.349227,4.605059,4.417159,4.246957,3.913856,4.221064,4.954685,4.621911,4.41069,4.918842,3.964592,4.239361,4.120064,5.05869,3.524474,4.338714,4.040519,4.532846,4.757234,4.72167,4.706993,4.478267,4.029475,4.316368,4.23052,4.570898,3.823411,4.442104,4.250755,4.536309,4.556061,3.915198,4.476699,4.493505,4.817586,4.515019,3.451351,4.736649,4.174518,4.296317,4.819846,4.194881,4.715581,4.275897,4.334392,4.689618,4.367962,3.952062,4.129606,3.772525,4.420762,4.705059,4.336761,4.103633,3.659383,3.603312,4.90398,4.375563,5.060056,4.964653,4.277726,4.455153,4.793888,4.810588,2.749773,4.803708,4.545401,3.475943,4.169027,4.399539,5.087591,4.878482,4.830216,4.738637,4.491821,4.585888,3.889782,4.623366,5.161668,4.586473,3.884235,4.171097,3.381072,3.748557
spect_entropy_ch_T7,4.619538,4.769334,4.639267,4.38411,3.971541,3.418405,4.374244,2.92851,3.873909,4.370572,4.888734,4.41974,3.940844,3.982523,4.464418,4.348381,3.968543,4.466555,3.487549,4.787369,2.811097,4.482633,4.58779,4.645155,4.82692,3.916876,4.358921,4.919885,3.756769,4.718472,4.356827,4.160736,4.573783,4.383216,4.464308,3.548528,3.659368,3.854255,3.872319,4.531119,4.565345,4.291831,4.364941,4.862392,4.006784,4.639388,4.662942,4.360948,3.808488,4.271136,5.022611,4.692953,4.232462,4.314608,4.299853,4.669397,4.171801,3.568984,4.130951,4.029958,3.56918,3.879172,3.741684,3.856885,4.248286,4.317115,3.583688,3.477434,4.617118,4.486787,4.802357,4.019592,5.004487,4.617072,4.520147,4.739455,4.019184,3.011952,4.324265,4.483479,3.984557,4.485795,4.142498,4.039464,3.953664,4.711367,4.676432,4.195609,3.963288,4.956657,3.577833,4.34181,3.491081,3.98266,3.788491,3.571691,4.252598,4.847542,4.500538,3.973614,3.404256,4.42928,3.584046,4.434165,4.827117,3.959398,5.571159,3.964091,4.270749,3.865532,3.34285,2.596891,4.22296,4.350234,4.210809,4.200103,4.233614,4.01576,3.706262,4.592064,3.447064,3.545672,4.591142,5.257337,4.988398,3.966027,4.667525,4.864636,4.929554,4.572421,4.887229,4.899297,4.754143,4.08453,3.675309,4.949088,5.146051,4.822483,3.960404,4.780598
spect_entropy_ch_TP9,5.103184,4.184247,5.045126,3.965281,4.371233,4.129003,4.402058,3.643662,4.693971,2.905174,3.946229,4.80981,3.790483,5.286825,4.468911,4.198084,5.179202,4.88697,4.493748,4.770064,2.28354,5.285664,4.975548,4.514262,5.087744,4.399327,3.890035,5.045166,4.99578,4.604168,5.41357,5.654879,4.800176,5.235764,4.97814,4.125246,4.258988,5.000517,4.667483,4.671695,5.087168,4.493779,5.119538,4.76661,4.747288,4.667926,4.999906,4.909899,4.321642,4.261113,5.041534,4.450968,4.522682,3.819542,4.738464,4.91659,2.199519,3.958613,4.306245,4.290518,4.170288,3.92333,4.412531,4.58504,5.259847,1.825569,4.828263,4.396665,4.931218,5.177559,4.201634,3.694206,5.704684,4.822518,5.221866,5.095661,4.191777,3.359428,5.568182,4.437642,3.742553,4.297117,5.05644,4.70145,4.119425,4.906375,4.937169,4.814707,5.308498,3.562006,4.255755,5.259793,4.124447,4.471816,3.648679,4.186256,3.973382,5.105176,4.687837,4.938772,4.26947,3.192343,5.257682,4.45245,5.084758,4.855995,3.903125,4.554621,5.045232,3.31302,3.284822,2.637263,4.549435,4.306072,4.980658,4.151128,3.617537,4.293363,3.859815,4.865318,5.016335,4.311683,4.357331,4.571575,4.488882,3.188897,5.191676,5.054714,3.165327,5.327706,4.738362,4.551605,4.19734,4.716229,4.37303,4.936968,4.785385,4.88184,4.279176,4.532949
spect_entropy_ch_CP5,4.600079,4.530191,5.124714,4.480634,3.649088,3.153895,4.204041,5.064248,4.691768,5.088013,4.311712,4.56598,4.283377,3.865583,4.539908,4.889485,4.999181,5.117573,4.729377,4.313898,4.177352,4.238359,4.892586,5.264548,4.462368,3.826098,5.153974,4.310498,4.709303,4.953189,4.491867,4.75093,4.735884,4.349641,4.720019,3.97669,3.837462,4.08251,4.143298,4.143936,3.356832,4.425864,5.055511,4.780164,4.274399,4.972939,4.361881,4.960986,3.835312,4.572663,5.033067,4.620363,4.325318,4.417627,4.547418,5.083424,5.289345,4.40943,4.640425,4.683375,4.167471,4.443366,4.697623,4.703172,4.314358,4.494844,3.976373,4.209023,4.37349,4.529914,4.361719,4.469769,4.42843,4.838794,4.625383,5.400386,4.702978,4.4884,3.960375,4.315932,4.222624,4.142212,4.379988,4.330548,3.637298,4.802659,4.893488,4.599426,4.43689,4.430268,4.500048,4.373475,4.515311,4.683098,4.199347,3.4467,4.473477,4.556544,4.632869,3.779984,4.576333,4.802065,4.302313,4.911238,4.34449,4.797998,5.336279,4.446377,4.292007,3.707852,2.945636,3.710921,4.415786,4.90547,4.263938,4.764373,4.315479,4.610341,4.500987,5.169078,3.487345,3.807912,4.25412,4.70375,4.743316,3.213985,4.622605,4.627671,4.563035,5.165502,4.623285,4.533968,4.708495,4.387921,4.551694,4.604188,5.171993,4.381616,4.161596,4.167687
spect_entropy_ch_CP1,5.084212,4.674671,4.616885,3.650941,5.193032,4.605035,3.769057,4.952474,4.937478,4.569425,4.368251,4.220375,4.855005,4.413406,3.983143,4.329956,3.861142,3.919794,3.547983,4.177986,5.079378,4.443433,3.416516,4.436694,4.136901,4.893674,3.585627,4.322766,4.015862,4.741573,5.600385,4.031794,4.03039,4.810889,3.991391,4.460595,4.436318,4.645524,4.219005,3.72586,3.515775,2.984264,4.09423,4.19057,4.130992,4.595468,4.260856,2.848119,4.86365,4.390982,4.517919,4.170801,4.364075,4.319561,4.347581,2.942513,3.846005,3.866709,4.872132,3.367362,2.345515,4.26235,4.547199,4.185604,4.396092,4.682806,4.738469,2.381667,4.227494,5.022573,3.357904,4.258026,4.56635,3.322785,4.711881,4.553083,4.444414,4.059442,4.795131,4.488255,4.020437,4.16291,4.384765,4.228462,3.954137,3.340496,4.312937,4.354036,4.528884,3.934838,4.2849,3.892525,3.881667,4.517994,3.447813,4.080221,4.557845,4.269828,4.512258,4.701476,4.712761,4.390576,4.368851,4.582522,4.168843,4.566938,3.816451,4.094361,4.438959,4.157344,4.491272,2.29623,5.058001,4.174482,4.602677,5.530924,4.687981,4.633774,3.551731,5.374345,2.809643,4.22874,4.687765,4.665514,4.393065,4.644711,5.132131,4.558916,4.982602,4.329391,4.328081,4.557072,4.593057,5.113515,4.857262,5.064014,4.518152,3.6576,4.810717,3.321313
spect_entropy_ch_Pz,5.288554,3.984355,4.753743,4.210008,3.790741,4.796765,4.161939,4.713306,2.823766,4.713431,4.239141,5.035595,5.235808,4.352589,4.879759,4.382511,4.696408,4.022151,4.422102,4.328427,5.107765,3.640374,3.383325,4.513527,3.550023,4.158247,4.087345,4.566717,3.624716,4.073477,5.124217,3.897362,5.155357,3.630334,4.678346,4.780918,4.252294,5.087635,3.761189,2.987742,3.665222,1.883629,4.605064,4.269327,3.795157,3.301711,3.960605,2.367373,4.792364,4.207261,3.577503,3.985329,4.651844,4.238922,5.181812,4.121337,3.467354,2.381322,4.521384,2.772696,2.07745,4.201232,4.228745,3.348385,4.008816,3.505379,4.820293,3.336104,4.388014,3.609135,3.597133,3.707066,2.684767,4.674843,4.324184,3.255083,4.149685,3.763038,4.859906,4.719883,3.100631,3.726974,4.469305,3.196848,4.820461,4.790105,4.627096,4.006984,4.987046,3.908614,3.780434,4.520324,4.002251,4.623438,2.897949,3.924793,4.716572,3.781893,3.914421,4.843005,4.105541,4.08939,3.820454,4.133879,2.300431,4.613169,4.745807,2.61746,4.064939,4.177703,3.974298,2.624265,4.755007,2.303092,4.943017,4.411854,4.737451,4.628454,2.99698,5.143964,3.365644,3.835751,3.47034,3.939696,4.419379,4.07909,4.339298,4.548016,4.25833,3.484453,3.488657,4.59779,4.219746,4.562186,2.909985,4.032273,4.47405,4.508043,4.442816,2.835767
spect_entropy_ch_P3,4.849123,5.157043,4.200043,5.394108,3.795604,3.636004,4.1534,4.993052,4.787481,4.971353,4.702814,4.649136,4.004916,3.73424,4.463283,4.531267,4.837236,4.88147,5.225213,4.634707,5.227835,4.183891,3.576318,4.973696,3.907191,4.413682,4.450341,3.984712,5.349564,4.983333,5.157392,4.602403,5.558289,3.980472,4.995075,4.778133,4.301587,4.941615,4.701239,3.453534,3.511649,3.282105,4.958773,3.506026,4.147523,4.854141,4.313892,3.670418,4.024741,4.378268,4.350378,5.085514,4.28303,4.203468,5.673659,5.231393,3.401975,4.948697,4.293703,4.737262,3.690443,3.794278,4.955914,4.142996,4.842453,4.384757,4.717339,3.24385,3.804837,4.141441,3.202872,3.155689,3.217818,4.623525,4.663295,5.183754,4.386583,3.819686,4.587018,4.409729,3.788204,3.8797,4.544234,4.183576,4.797941,5.283682,4.823786,4.445388,4.94346,3.958093,4.297907,4.914018,4.605896,5.218687,3.297332,3.604186,4.44117,4.103657,4.074741,3.78637,4.412934,3.95672,5.031823,4.243768,3.629875,4.688832,5.276839,3.566019,4.147687,3.71493,3.491183,3.280851,5.243093,5.26956,4.446938,4.797584,4.576113,4.881324,4.75235,5.261674,3.564457,4.840351,3.493479,4.283154,4.653472,3.141747,4.461438,4.987478,5.434174,4.883391,3.922522,4.45594,4.072937,5.090407,3.769669,4.049613,4.5509,4.218975,4.79164,3.223278
spect_entropy_ch_P7,4.78472,4.663253,4.542652,4.254928,4.173401,3.846441,4.569437,4.953525,4.921394,4.194229,4.239839,4.768196,3.724731,4.349232,4.40957,4.41665,5.904257,5.527591,5.541446,5.18452,5.319677,5.031923,5.435359,4.555249,5.413517,4.73646,5.684301,5.128096,4.875999,5.251607,5.5074,5.539643,5.113862,5.161166,4.953862,5.055293,5.013985,5.544471,4.585765,5.237976,4.404857,5.160714,5.439246,5.589797,4.78091,5.523436,5.347668,5.304519,4.061856,4.686189,5.300645,4.719416,4.863091,4.772332,5.770667,4.647123,5.059352,4.089656,4.923194,5.295103,4.974441,4.290014,4.785812,4.692895,5.060478,4.631822,4.855588,4.465628,4.759779,4.360326,4.387633,4.863884,4.299824,5.55411,5.188835,4.714055,4.18484,4.318847,4.048372,4.172387,4.40126,4.126173,4.14381,3.693518,3.133932,4.786047,5.000711,4.329629,5.238393,4.732986,4.4148,4.946221,4.374345,4.792654,3.791291,3.936353,4.334384,4.297572,4.717018,5.059979,4.513285,3.929312,4.679727,4.073086,4.853757,4.580724,4.687219,4.68753,4.71382,3.274172,3.154028,3.200133,4.300704,4.139803,4.350107,4.449806,4.380778,4.545427,3.847111,5.099514,3.902104,3.49715,4.492501,4.252806,4.578639,3.041354,4.608543,4.69819,4.720907,5.148442,4.934856,4.27271,3.871892,4.293542,4.049956,4.325023,4.991417,4.271651,4.474287,4.227463
spect_entropy_ch_O1,4.234161,2.317472,4.180251,5.069647,4.959924,4.407948,3.397585,2.853345,3.671013,4.619961,5.200492,3.913099,3.889309,2.470913,4.691958,4.024329,5.342301,4.562832,4.987089,4.689387,4.145263,4.651767,3.602698,4.681215,3.938858,3.95038,3.245355,4.54693,3.834524,3.979514,5.849127,4.434637,3.329532,3.768121,5.223426,4.598148,4.012094,3.375758,3.962236,4.66822,3.88637,4.013118,3.942959,3.929431,3.968657,4.381913,4.627065,3.239291,4.581964,3.433564,4.615307,4.161056,3.64942,4.353756,4.796641,3.613968,2.245236,2.538411,4.008501,3.236708,3.154611,4.54858,3.711482,3.680726,4.842506,5.070717,4.042469,3.606067,3.43216,3.469234,3.744034,4.527469,3.931488,4.865457,4.005172,4.616896,2.462396,4.307318,5.193833,4.430418,3.843307,4.931041,2.288436,3.908467,3.842356,4.593427,5.318059,2.438127,4.096543,4.42944,3.733871,3.609477,2.566199,2.48858,3.272288,3.748919,4.207849,3.962171,2.90497,4.014231,2.151126,4.096236,2.682896,4.487013,1.863468,1.591213,4.877318,4.473839,3.873153,1.843649,1.50446,1.73261,4.707444,4.107367,5.261479,3.934927,2.905107,4.771974,3.4804,4.317845,3.124698,3.989719,4.400305,3.151399,4.414499,1.305558,3.107516,4.620227,5.642509,4.488573,3.770284,4.862837,1.972363,3.392237,2.266368,3.505674,4.828042,3.890704,1.313783,3.598698
spect_entropy_ch_Oz,5.668703,4.475604,4.874984,4.253774,4.37786,4.192168,3.854643,5.010212,3.844961,4.441077,4.779089,5.297991,4.775575,5.593358,5.572725,5.579776,4.966596,5.378456,5.541254,5.058006,4.79546,4.589732,3.42675,4.066525,4.765921,5.352758,5.177881,5.422452,5.757237,4.73056,5.929249,5.640737,5.829189,3.793702,5.134713,4.993497,5.71069,5.479412,4.959922,3.290423,4.912387,5.291755,5.245634,4.957596,5.699567,5.145766,4.362437,4.494982,4.526667,4.171533,5.287131,4.489302,4.641129,4.541673,5.56368,3.59964,4.45846,3.931027,4.111377,5.029725,5.447454,4.840425,5.103613,4.035344,5.516405,3.970007,4.568612,4.702912,5.645445,4.562124,3.936749,5.56632,4.459919,4.145147,4.950072,3.124887,4.800157,3.85393,5.485351,4.39337,5.247274,4.555432,4.292581,4.973581,5.883074,5.170308,6.17155,4.29865,5.704787,5.746491,5.103045,5.872481,4.871746,5.686822,4.316753,5.147286,4.521568,4.729311,3.853339,5.844653,4.84076,5.093969,5.114405,5.074496,3.235064,5.370206,4.845581,4.572814,4.574257,2.462798,3.682938,4.64466,4.559404,4.152381,5.064883,4.517052,5.115332,4.865641,4.270306,4.952285,3.825894,4.084375,3.784444,4.368251,4.457661,3.264934,4.793626,4.007882,4.420068,4.771856,3.064072,4.260952,3.427055,4.529095,4.593495,3.842894,4.647869,3.932384,4.942452,4.2107
spect_entropy_ch_O2,4.321839,5.313237,5.327476,4.765481,5.330766,4.282082,5.22091,4.03813,3.804217,4.968451,5.24011,2.49521,5.007476,4.664334,5.221063,4.300724,4.334298,5.26162,5.503352,4.206905,4.43065,4.632313,3.177426,4.563749,3.752997,5.133374,5.576937,4.397518,4.456139,5.202502,5.200654,3.94272,4.363433,4.797212,4.967236,4.4515,4.103318,4.92034,4.678572,5.367648,3.201969,3.047165,5.019023,4.698361,4.581185,5.130506,4.510395,3.288213,4.323607,5.448165,4.684651,3.347937,4.034111,4.665147,3.311135,3.280906,3.646955,4.014434,5.067107,4.177038,2.985878,5.065495,4.720939,4.518053,4.401396,4.902288,3.916781,2.939555,2.708926,5.535523,3.283361,3.603457,4.893976,4.384126,3.790454,4.501607,2.190332,2.883683,4.471929,4.617152,3.319769,4.724774,1.393679,4.977131,4.267855,4.534713,4.797574,2.071145,4.359178,4.840935,4.332001,2.514866,2.228255,3.359688,3.760426,3.382199,4.657283,4.476344,2.806449,2.870533,1.910488,3.279584,2.845474,5.279885,1.283909,1.681524,3.743643,3.764446,4.211119,4.372566,1.170882,3.933115,4.372033,2.632886,5.076233,3.595782,2.798778,3.410826,3.802823,4.719747,3.118403,3.287487,4.765302,4.239951,4.416694,1.252432,5.243027,4.738902,5.526185,4.734874,4.499917,3.722536,1.896164,4.959052,5.232693,3.885177,3.881178,3.616676,1.299978,2.355537
spect_entropy_ch_P4,4.497175,4.405135,4.557227,5.365873,4.757953,4.315315,4.959077,4.756455,2.921068,4.37902,4.927086,5.107429,4.410905,4.751602,5.157593,4.274138,4.863655,4.667907,4.184629,4.36543,4.541089,3.692206,3.777564,4.80626,3.535202,5.137574,4.219415,4.830304,4.758044,4.969182,4.987082,4.183969,4.963885,3.463042,4.996866,5.004191,4.09337,4.039799,4.269727,3.900163,4.589272,3.376637,4.206659,4.265118,4.448737,4.468463,4.071388,3.460183,5.213435,4.3022,4.638836,4.310425,5.032125,4.53314,5.012368,3.93456,4.683381,2.644729,3.945567,3.057959,2.398654,4.76756,4.39193,3.455124,5.101252,4.792004,4.555241,4.411172,4.705496,3.748699,5.461683,4.77657,3.958999,4.336858,4.121237,5.165784,4.01957,5.293256,4.738848,5.272159,3.247487,4.391111,4.37577,4.411492,5.207596,4.673465,5.227306,4.288148,4.553731,4.948518,4.244213,4.945324,4.757561,4.722656,3.674774,4.149609,4.624943,4.493739,4.248737,4.793745,3.783518,3.997692,3.922092,5.243123,2.472048,4.613228,4.787381,4.052451,4.264458,4.657125,4.408042,3.332829,4.689685,3.12176,4.895574,4.276203,4.861972,3.059087,2.807279,4.791716,4.548925,3.499737,4.48029,3.249813,4.431511,3.804431,4.24819,4.345982,3.984873,4.094479,4.086633,4.661376,4.328428,3.826507,3.100443,4.405791,4.808399,4.680203,4.9905,3.15483
spect_entropy_ch_P8,5.475236,4.58747,5.251062,3.928567,4.630655,4.675813,3.684373,4.750768,4.062588,3.767706,4.746638,5.103279,4.889905,5.148574,5.439792,4.0433,3.253983,4.652806,4.85637,4.793333,5.277335,4.013998,3.524223,4.569835,4.959722,5.051326,3.987551,5.107568,3.145792,4.524951,5.265661,4.480228,4.907915,3.748263,4.855204,4.808927,4.03197,4.293663,4.295942,4.497813,5.143736,5.350517,4.362943,5.196274,5.238878,4.775748,4.119347,4.670426,5.210197,4.769651,5.390601,4.084391,3.913133,4.109192,4.708818,2.949065,4.052914,4.139034,3.919224,5.507974,4.74538,4.447588,5.009558,3.791342,5.357305,5.483664,4.545518,3.948495,4.560502,4.610983,4.164318,4.944156,4.621577,3.644392,4.248036,3.325482,4.071735,4.700895,5.052863,4.918336,4.602457,4.064888,4.266729,4.280661,4.624169,4.610367,5.085929,3.883278,4.493484,5.156675,4.592003,4.022949,3.665709,4.892697,4.814261,4.428999,3.891576,3.958318,4.318811,4.910361,4.175004,4.214656,4.791232,5.26061,4.351627,4.494716,5.123198,5.464302,4.245591,4.180456,4.076748,5.106988,5.291093,3.174583,5.351308,4.697477,4.792051,5.065684,4.840678,4.725299,2.904086,4.857225,4.60255,3.999883,4.39339,4.365161,4.59103,4.244708,4.637724,4.751581,5.03352,4.20474,4.824801,4.303506,4.704653,4.295654,5.08003,4.262822,4.891204,4.02812
spect_entropy_ch_TP10,4.202615,5.300166,5.249922,4.793633,5.519106,5.221499,4.293856,4.606031,4.560006,4.828883,4.549516,4.323017,4.296971,4.787046,4.6973,4.718769,4.436071,5.02613,5.560574,4.715231,5.397873,4.658236,5.375528,4.558964,4.708739,5.241102,4.357829,4.675812,3.475832,4.99692,5.56536,4.592276,4.46307,3.939391,4.969123,5.169818,3.775944,4.581175,4.646181,4.920118,4.362132,4.448714,5.117551,4.915537,4.751072,4.75604,4.290631,4.004689,5.1645,5.160376,5.056385,4.060228,4.151009,4.361353,4.770116,3.391892,4.573534,4.33257,4.840673,4.534467,2.19218,4.290912,5.065374,4.425938,3.664857,5.074479,4.423169,4.266747,4.629601,5.173088,3.541214,4.283259,5.301861,3.723335,4.776406,3.399201,4.440975,4.50218,5.091608,5.060745,4.827792,3.871045,3.05304,4.740892,4.781361,5.027998,5.192617,3.38084,4.964374,4.92333,4.285546,3.831589,3.294555,4.982762,3.958381,3.392592,5.020092,4.066324,4.480346,3.474588,3.464672,4.40307,4.580029,5.228312,3.806812,3.664936,4.607674,4.798038,4.794801,4.35442,2.980049,3.19421,4.74829,3.261333,5.049178,4.307179,4.540157,5.332416,4.642642,4.977805,2.584393,5.684463,4.862223,4.70441,4.597051,4.006992,4.818285,5.012392,4.746421,4.499191,4.058758,4.700702,4.573665,4.217437,5.193387,5.274483,5.134107,4.531162,4.16905,2.575425
spect_entropy_ch_CP6,3.542105,4.593923,5.336458,4.468244,5.024164,4.292454,4.996319,4.173274,3.669891,5.251174,5.266124,4.608893,4.451511,4.516779,4.922094,4.6022,4.096123,4.556658,4.693596,4.811775,4.935866,4.815051,4.206257,4.554079,4.666139,5.283482,4.242536,3.2276,4.607909,3.999453,4.875403,5.035986,4.540409,4.534948,5.247959,4.605372,3.329792,3.96195,4.246847,5.05006,3.470472,4.959613,4.792711,4.705951,4.240608,4.685689,4.883088,5.126372,4.609763,3.909377,5.126803,4.494031,4.812321,4.495457,3.538807,3.867497,4.834553,4.346736,4.248153,4.088133,4.883193,4.554778,4.785723,4.00547,3.423305,4.638013,4.855507,4.434824,4.114815,4.738227,3.291537,4.703343,4.883149,4.56791,4.198463,4.078894,4.620763,3.555065,4.764742,3.501388,3.82495,4.729869,4.832301,5.272737,4.32691,4.969162,4.417927,4.905337,4.498392,4.82665,4.931446,4.850487,4.598071,4.852906,5.057865,4.372699,4.467898,4.2953,4.187005,4.763849,4.504029,4.488256,4.751543,5.0429,4.632369,4.069811,4.480325,4.777827,4.815521,4.692427,3.664398,5.30264,4.637302,3.64795,4.061029,3.325362,3.935833,4.436403,4.305405,4.605953,2.930371,4.530604,4.232459,2.647133,4.33514,3.884564,4.945079,5.142763,4.441687,4.96275,4.500588,4.368474,4.681062,4.519703,3.822206,4.385132,5.175355,4.707624,4.452036,4.330701
spect_entropy_ch_CP2,4.905128,3.453934,3.907119,3.75324,5.176353,3.813946,3.990242,4.117832,4.446377,4.662617,4.377718,4.923067,4.531044,5.072455,4.719099,3.039494,5.373652,3.23816,4.200162,4.569546,4.882699,4.788708,3.23048,4.405414,4.812724,4.519414,3.734609,4.995953,3.441879,4.940682,4.819199,3.539206,4.491166,4.207668,3.799927,4.249475,4.024555,3.819645,4.181657,5.331158,4.46519,3.042482,4.35502,4.46505,3.664016,4.29087,3.915835,3.134617,3.741747,4.152437,4.898758,4.204229,4.943709,3.790008,5.100679,3.731829,3.70498,3.279635,4.054204,3.314427,2.087154,4.135485,3.612027,3.650978,4.865638,4.395275,4.979961,3.461971,4.404984,4.993011,3.571786,4.701967,4.605933,4.16394,4.566954,4.403787,4.112012,3.772951,4.426277,4.916735,3.98362,4.275187,4.308277,4.666734,4.852624,4.136391,5.157621,4.683149,4.956876,4.492736,3.614921,4.09398,3.741388,3.872438,3.945401,3.550682,4.352258,3.896032,4.458733,4.741966,4.862013,4.391657,4.681073,4.661984,3.988139,3.585204,4.165176,3.915938,4.78701,2.578766,4.562728,2.598313,4.760698,3.243727,4.865555,5.172835,4.466961,3.450095,2.832695,4.306307,3.669292,3.669947,4.852221,3.911693,4.261507,4.049603,4.79847,4.378046,4.403656,2.912914,4.898619,4.710746,4.333918,4.107472,3.246302,4.271279,4.671779,4.638222,4.46535,3.523359
spect_entropy_ch_Cz,4.576353,4.773287,5.146767,3.349472,5.256001,3.880547,3.793411,4.202439,4.633627,3.398002,4.447931,4.108326,4.11383,4.755236,4.993452,3.813672,4.534121,4.510087,3.305396,4.127766,4.691277,4.811974,4.457641,4.095578,4.045108,3.922827,4.338736,3.879124,3.1926,3.855365,4.330923,4.360466,3.744549,4.690768,4.085144,4.371674,2.961002,3.591406,3.740471,4.864216,4.088174,4.578489,4.248103,4.138273,3.919899,4.345066,4.036774,4.078121,3.524134,4.123231,4.326578,3.917671,3.730009,4.045009,4.857176,2.820264,4.202785,4.114276,4.194711,3.233769,3.528031,4.385075,4.358343,4.624991,4.048292,4.364428,4.366966,3.694919,4.211745,5.000672,2.884215,3.74393,3.646145,3.916751,4.062638,3.329682,4.524779,3.002266,4.281615,4.142353,4.383608,4.030093,3.411671,3.661919,4.292291,4.084994,4.102901,3.932409,4.670894,4.377418,3.522925,3.737801,3.507724,4.829173,3.790548,4.058706,4.590484,2.298183,4.305389,4.678839,4.368364,4.382002,4.659183,3.775784,4.876629,4.352418,4.265331,4.356398,4.292318,2.707007,3.914596,3.290895,4.103828,3.029602,4.153063,4.700712,3.978333,4.190671,3.455767,4.263639,2.764407,3.161654,4.504786,4.162014,4.337134,3.752745,4.751091,4.456665,4.422745,4.121865,4.336682,4.19096,4.178419,3.354962,4.174428,4.057393,3.947256,4.220466,4.741812,3.636067
spect_entropy_ch_C4,5.055311,3.864878,4.516494,4.349029,4.549841,4.040892,4.374179,4.750031,3.459954,5.11721,4.544104,4.095981,3.180213,4.117852,4.946126,4.188087,4.484754,5.19189,4.735029,4.477339,4.340866,4.655959,4.927325,4.625564,4.468081,5.078287,4.512466,5.232344,3.886613,4.859773,4.908554,5.555584,5.031274,4.978995,4.313664,4.026173,4.256774,4.75052,4.509367,4.454501,4.790549,5.010798,4.880083,5.034713,3.79558,4.513098,4.701094,5.119859,3.302821,4.304183,3.952229,5.25294,4.699204,4.496464,5.134751,4.747382,2.524357,4.081057,4.790091,4.30354,4.923221,4.635571,4.683734,4.450163,4.773127,4.009187,4.370722,3.761628,4.502222,4.798575,4.146726,3.908939,4.076865,3.783324,3.986679,4.846185,4.527564,2.391204,4.380429,4.577273,4.016942,4.02518,4.463257,4.596353,4.921631,4.815592,4.708544,4.458061,4.509134,4.63629,4.318508,4.68966,4.370618,4.910632,4.58676,4.293789,4.527304,4.373707,3.834856,4.942894,3.578398,4.497109,4.599958,4.642456,4.366076,3.705765,4.513105,4.358447,4.160029,3.055987,2.778858,4.238497,4.421548,4.63011,4.635263,4.719136,4.380378,4.02829,3.524412,4.760803,4.305104,3.708597,4.801154,4.019826,4.411125,2.914641,4.696181,4.917701,4.733887,4.010246,4.032346,4.874348,3.544248,4.143776,4.071771,4.487887,4.172491,4.873501,4.242364,4.757505
spect_entropy_ch_T8,5.761545,5.765845,5.860507,5.991193,5.875595,5.931741,5.693308,5.647089,5.836284,6.061544,6.063044,5.740248,5.60614,5.302159,5.955363,5.490823,5.187976,5.699343,5.266536,5.109243,6.066029,5.605571,5.780529,5.726521,5.352306,5.990267,5.809507,4.88726,3.718254,3.851555,5.578726,4.769727,4.824783,4.850184,4.778976,5.207808,4.194744,5.22969,4.744114,5.398271,4.671442,4.577497,5.079118,5.114634,5.046248,5.317176,5.173883,4.691574,4.687933,5.21959,5.056019,4.913585,5.275098,4.718675,4.585503,4.694371,3.779523,3.651113,4.934127,4.091264,3.109857,4.208076,5.116312,4.742121,4.172156,3.707011,4.676276,4.240676,4.410307,5.29095,3.984286,5.014799,4.524633,3.960932,4.898102,5.241462,4.593273,4.193994,5.04211,4.525485,4.392221,4.473642,3.641073,4.643043,4.111715,3.876195,3.75332,3.197674,4.375631,4.773716,4.628592,4.374199,3.902707,4.817652,4.426209,4.490118,4.974753,4.820194,4.497629,4.483186,4.473866,4.436827,5.15195,4.182211,2.988862,3.774018,4.14703,4.397085,4.53003,5.679457,3.489074,4.002263,4.946478,3.860519,4.799864,4.098752,4.809202,5.142616,5.092509,4.034717,2.761652,5.897116,5.348633,4.935485,4.895982,5.262513,5.597779,5.079158,4.195083,4.681187,4.484765,4.498962,5.028255,4.641286,2.931484,5.206328,5.087521,5.355921,5.037151,3.923255
spect_entropy_ch_FT10,5.073733,5.09238,5.001609,4.797509,5.129998,4.682719,3.941409,4.784169,3.326569,4.842913,3.998626,4.368826,3.837541,4.379427,4.427479,4.064305,3.698019,4.184579,5.007809,4.283415,4.920232,5.120823,4.11933,4.37093,4.81434,5.266819,4.480269,4.036083,4.52561,4.968613,5.496931,4.533182,4.776319,4.527862,4.611152,5.037446,4.854558,4.656082,4.50336,4.368369,3.685983,4.030014,4.662556,4.26239,4.729561,4.60767,4.264524,3.980265,3.709103,5.13843,4.396544,4.360915,4.114995,4.746191,4.520743,3.264182,3.886975,3.800636,5.016326,3.723202,1.949318,4.404126,5.185135,4.51779,4.224,4.85298,4.178508,4.407203,4.502346,5.192224,3.783904,4.491424,4.79444,4.183576,4.24352,4.366895,3.67213,3.493915,4.82155,4.766537,4.176774,4.186485,2.545523,4.55363,4.459594,4.359122,3.97562,3.822379,4.619827,3.990872,4.362537,3.769732,3.212509,5.387953,4.035915,3.330856,5.111019,3.969041,4.33264,3.581507,3.343773,4.769683,5.2989,4.648855,2.976751,3.659154,4.072619,4.133015,4.670627,3.905992,2.22055,2.756846,5.058351,3.469577,4.453486,4.631046,4.095394,5.259861,4.352404,4.632862,2.849076,4.581836,3.729195,4.37441,3.986927,2.478875,4.613027,5.193964,5.173807,4.508679,3.729948,4.427802,4.279099,4.13056,5.172673,5.408406,4.315918,3.758363,3.67469,2.817799
spect_entropy_ch_FC6,4.965012,4.96724,5.521846,5.903307,3.573225,4.907865,5.195654,4.642219,4.495824,5.465075,5.430229,3.699549,4.722276,5.022592,5.334723,5.32929,4.91517,5.057194,5.329043,4.675012,5.06007,4.882968,4.264521,5.678889,5.012932,4.62965,4.632322,4.68223,5.401511,5.504458,5.636452,5.292618,5.862254,5.782805,5.585928,5.063084,4.654395,5.115642,5.394622,5.668898,5.279588,5.318284,5.61497,5.233382,4.833565,5.526131,5.68044,4.493485,5.741932,5.818809,5.897506,5.670874,5.61026,6.066592,5.244104,4.893548,4.941136,3.974459,5.142571,5.027167,4.291137,4.478902,5.178704,4.778324,5.11584,4.29523,4.376416,3.297952,5.120748,4.865041,4.489645,3.901865,5.314644,4.972,5.078762,5.600662,4.841786,4.704421,4.314095,4.448218,4.647996,4.458286,3.742006,5.182085,4.236642,5.175597,3.866488,3.010345,5.063189,4.964111,4.907055,5.417763,2.949464,4.522109,4.415586,4.649749,4.887039,4.717668,3.555426,4.096388,2.593912,5.136906,4.934393,4.687873,2.848968,3.074226,5.168394,4.665498,4.672433,3.269167,2.051382,4.038634,4.818968,3.40951,4.601435,4.577184,4.192895,4.455915,5.166882,5.502788,3.238566,4.919927,4.587981,4.097775,4.796501,2.266288,4.811094,5.444833,5.108874,4.68274,4.535663,4.4365,3.674759,4.99612,4.064971,4.046437,5.01502,4.025824,1.996257,3.732553
spect_entropy_ch_FC2,4.837861,4.627871,4.861007,3.99568,3.908909,3.561667,4.44138,4.101565,4.752547,4.06623,4.908311,4.432963,3.943303,5.178029,5.093215,4.515128,5.151276,4.293963,4.204578,4.120897,5.102792,3.939257,3.764763,4.190376,4.576191,4.531694,4.951767,4.4276,5.131081,4.536465,4.7068,3.411785,4.582827,5.465007,4.59504,4.159006,4.940073,4.819668,4.524883,3.987462,5.064593,4.592095,5.192738,4.498146,4.698274,4.101672,4.656727,4.205017,3.267001,4.373749,4.916429,4.788609,3.944354,4.26536,5.030363,3.692782,4.003832,4.22005,4.029291,3.865365,4.624034,4.28906,4.391515,3.775946,5.046949,4.341677,4.039559,4.261377,4.933095,4.323787,4.466801,4.186743,4.592832,4.421817,5.041832,4.13399,4.68303,3.070084,4.617652,3.799935,4.392878,3.795149,3.705368,3.802898,4.828775,4.805369,4.376732,4.658436,4.74304,4.498069,4.460156,4.517473,4.097711,4.610275,3.973029,4.300886,4.512222,4.049866,3.812033,4.726875,3.654217,4.658607,4.792508,5.177692,4.529483,4.792065,4.529293,4.801422,4.027701,2.806526,3.261517,3.13322,3.902251,3.754889,4.330302,4.498387,4.207501,4.678006,3.667535,4.480782,3.663325,3.821328,4.220259,4.305339,4.664957,2.972794,4.918661,4.358542,5.008137,4.704512,4.869681,4.448378,4.280333,4.20173,4.072817,4.617131,4.742837,4.613863,3.302888,4.695965
spect_entropy_ch_F4,5.046489,5.067211,4.935982,4.017117,4.55859,3.894528,5.156275,4.878118,4.987051,5.054503,5.300173,5.172936,5.01475,5.545751,5.383067,5.03185,5.464548,5.273956,4.865092,5.037801,5.599047,4.821281,4.630749,4.761313,4.866826,5.02364,5.296263,4.77601,5.680188,5.282473,5.233992,4.688466,5.210252,4.750419,4.752084,4.567453,5.505643,5.136334,4.541986,4.789124,5.414167,4.602947,5.225649,5.605676,4.927163,4.631142,4.866478,4.61651,4.219136,4.815115,5.156641,4.79399,3.749311,4.849091,5.643241,3.717786,3.976846,4.665676,5.292891,5.758737,5.030504,4.300511,4.881757,3.705862,5.192202,4.905512,4.763461,4.935107,5.369776,4.281655,4.978309,4.874674,3.768263,5.187895,5.259394,5.128527,5.023406,2.559388,4.95381,5.072638,5.19756,4.781584,4.213651,4.371795,5.094342,4.945746,4.768754,4.948279,5.22406,5.217686,5.094184,4.826636,4.507945,5.075644,4.32719,4.782328,4.973148,4.975508,4.235388,5.390186,4.055554,4.59408,5.55956,5.185949,4.20795,4.958635,5.144733,5.465367,4.40051,3.959933,4.093572,3.242829,4.196811,4.320407,4.150052,4.881819,4.990649,4.967095,4.088108,5.124231,4.11035,4.917086,4.63033,4.763793,4.544862,3.513081,5.023667,5.104882,5.162816,4.144945,4.969815,4.995699,4.701693,4.548812,4.329926,5.376076,5.351393,5.110185,3.400377,4.706658
spect_entropy_ch_F8,5.130481,5.274176,5.475981,4.324852,4.930683,4.64668,5.016411,4.900273,4.485097,5.444261,5.170871,4.11678,4.603163,4.962017,5.531767,4.656093,4.894075,5.448161,5.106071,4.703236,5.161092,4.874685,4.370548,5.112667,5.11322,5.436754,5.74694,4.766206,4.629159,5.087704,5.748466,4.536584,5.609225,5.534461,5.593047,5.238928,3.658837,4.67024,4.946952,5.819005,3.847503,3.826521,5.022904,5.445698,4.893322,4.999841,5.034225,3.763017,4.545103,5.672589,5.76913,4.75441,5.262689,5.646164,5.288579,4.50189,4.533857,3.231499,5.164915,3.854441,3.197546,3.850119,4.946223,4.846902,4.252388,5.205074,4.126019,3.798631,4.897369,5.192164,4.452866,3.791748,4.901047,4.141345,4.95179,5.614347,3.062748,4.438781,4.379958,4.831397,3.812591,4.382673,2.358172,4.432519,4.332766,4.551207,4.772496,2.829431,3.751506,4.966691,4.492804,5.026995,2.30224,4.723258,4.445293,4.647706,5.261151,4.649728,3.578214,5.058393,2.209169,5.452181,4.209311,4.152293,1.763977,2.531199,4.534318,3.70847,4.466192,2.116703,1.588364,4.446119,5.412931,3.940143,5.143992,4.905506,3.866825,4.758472,4.357335,5.25481,2.87583,5.1568,3.948196,3.897909,4.2573,1.491912,5.248963,5.307303,5.309045,4.569581,4.353011,4.307126,3.018574,4.984668,5.15705,5.558185,4.697043,4.238903,1.950686,2.903364
spect_entropy_ch_Fp2,6.096141,5.827561,6.039558,6.081366,5.829604,6.09441,5.954636,5.934346,5.886672,6.076329,5.991509,6.015173,5.498606,6.118794,6.077698,5.775196,5.921765,5.597908,5.944248,5.952983,5.924788,5.929785,6.174016,6.003862,6.010656,5.684771,5.843421,5.881883,6.032372,5.455301,6.017173,6.095284,5.962,6.200601,6.14059,5.731519,5.881175,5.730327,5.751415,5.890063,5.722599,6.152887,5.923175,5.942188,6.024111,5.864116,5.993075,5.798346,6.085552,5.667696,6.028109,5.981757,5.78238,6.112969,6.047152,5.95062,5.576263,5.528968,5.797435,5.941674,5.992331,6.037496,5.736604,6.10157,5.9011,5.726755,6.067087,5.810197,6.033628,5.700121,5.687247,6.123118,6.125529,6.118839,5.463781,6.023277,5.987662,5.954983,6.041822,5.853658,6.015508,6.066076,5.673176,6.041443,6.151764,5.808955,6.267086,5.017189,6.06604,6.081138,5.925952,6.00899,5.162127,5.705499,6.113753,5.6188,5.95374,5.805932,5.227314,6.090674,5.253254,6.165483,5.788709,5.744485,4.898435,5.153996,5.946669,6.028539,5.735032,5.473068,4.116135,5.945641,6.10088,6.022203,6.002971,5.897982,6.096638,6.16994,6.062655,6.149799,4.299681,6.081135,6.127061,6.004248,5.99952,4.31962,5.976149,5.970759,6.200435,6.031275,5.765024,6.085622,4.847793,5.541557,5.575662,6.007319,5.916118,6.276765,5.272303,5.552945
spect_entropy_ch_AF7,5.892211,5.270792,5.634145,5.917846,5.705858,5.558656,5.695695,5.443817,5.235207,5.797161,5.947836,5.521881,5.923735,5.734421,5.54084,5.442077,5.962325,5.633732,5.106685,5.699003,5.507611,5.953721,5.084279,5.880066,5.614791,5.69043,5.573199,5.869806,5.452241,6.017545,5.727201,5.234878,5.951789,5.241444,5.432836,5.881457,5.533796,5.671507,5.143885,5.595812,5.833297,5.345328,5.853758,5.699171,5.341113,5.844512,5.804646,4.858036,5.876525,4.947374,6.035631,4.759059,4.643645,5.633727,5.658629,5.927052,5.715976,5.519801,4.757012,5.146988,5.715701,5.982285,5.189415,4.8036,5.684313,5.933335,5.883532,4.004763,5.676208,5.778819,5.45433,5.951249,5.880609,6.116795,6.017991,5.402655,3.941121,5.449477,6.076638,5.903398,5.746798,5.578901,3.222194,5.330467,5.90862,5.642621,5.264719,2.887447,5.789955,5.566538,5.2724,5.16834,2.686695,3.644504,5.355043,4.803193,5.564702,6.034221,4.774723,5.738299,2.68082,5.308712,4.709517,5.644756,3.536632,2.415987,6.040747,5.789181,5.61536,4.35675,2.043315,3.441275,5.810802,5.502134,5.943187,5.703709,5.199004,6.067018,4.62699,5.696139,5.642035,5.723465,6.032996,5.790448,6.071144,2.832146,5.45408,5.843609,5.847738,5.925665,5.589938,5.92889,3.022336,4.601811,5.642319,5.489576,6.065549,5.83012,2.239646,5.820325
spect_entropy_ch_AF3,6.110681,6.145401,6.122466,5.996099,5.971495,5.982888,6.177914,6.130784,6.008964,5.93648,6.263273,5.954755,6.093706,5.772446,6.186885,6.202878,6.003682,6.002307,5.996823,5.948658,6.046215,6.025174,5.825721,5.803606,5.698016,6.076422,5.891068,5.901248,5.778243,5.947263,6.090572,5.956486,6.019458,5.376263,5.630084,5.770992,5.770233,5.84729,5.739046,5.729127,6.11251,5.926723,5.609662,5.695651,5.662198,5.377648,5.608172,5.275064,5.350738,5.683218,6.034398,5.896685,5.184096,5.654984,5.865911,4.901641,5.843062,5.761697,5.195884,5.869907,5.973034,5.542837,5.932843,5.694657,5.888037,5.632357,5.641792,5.799765,5.88749,5.563472,5.671751,5.951214,5.5657,5.556617,5.501334,5.92533,5.282693,5.801661,5.701313,5.5128,5.522714,5.731215,5.438904,5.909608,5.839249,5.899552,5.867857,5.211718,5.459392,5.560736,5.724283,5.56871,5.024571,5.553963,5.841863,5.415321,5.978255,5.812407,5.816119,5.546955,4.718472,5.621342,5.859506,4.789826,5.493072,4.73604,5.577166,5.263113,5.321716,5.65829,4.519425,5.201454,5.412425,5.253633,5.727597,5.573532,5.653338,5.841277,5.70955,5.689564,5.348595,5.306627,5.682339,5.283255,5.655518,5.616574,5.754539,5.656629,4.98868,5.798923,5.483589,5.754117,5.468652,5.507849,5.554349,5.51965,6.079943,5.624898,5.428744,5.960699
spect_entropy_ch_AFz,5.891057,5.83862,5.603676,5.390765,5.161641,5.698916,5.633896,5.94849,5.568454,5.697555,5.259037,5.419708,5.69947,5.33406,5.875379,5.626035,5.849812,5.944242,5.079285,5.66706,6.005167,5.658884,5.389115,5.424371,5.195389,5.950911,5.421114,5.182255,5.552223,5.203274,5.189266,5.255659,5.303651,4.605509,4.997048,5.064297,5.015175,5.304962,4.517133,4.586448,5.38277,4.962271,5.732567,5.517342,3.144365,3.937946,3.876554,3.535487,4.176584,3.805336,5.763212,5.022149,3.160708,5.173588,5.730451,4.98786,4.827944,4.898009,5.143219,5.712358,5.363356,3.98104,5.379551,4.015632,5.652867,5.555593,5.35346,5.586705,5.619958,4.251274,5.350807,5.206122,4.20102,5.028443,5.300133,5.259005,5.259087,3.576212,4.659053,5.310513,5.366949,4.829945,4.352628,5.447196,4.762346,5.155265,5.572634,4.640179,5.219584,5.415969,4.759964,5.046585,4.715464,5.248869,4.845346,5.177137,5.196277,4.183615,4.818723,5.543433,4.894527,4.847901,5.719188,5.28988,5.543879,5.047623,5.609653,5.296409,4.595222,4.838893,4.634385,4.608025,5.012822,4.505619,4.909608,5.827198,5.199792,5.446582,4.21609,5.391905,4.582912,4.75988,4.959715,4.579411,5.123934,4.80075,5.466962,5.007898,4.38715,5.393734,5.032442,4.809594,4.503399,4.253628,3.740416,5.16033,5.398225,4.708887,5.365194,4.181037
spect_entropy_ch_F1,5.32214,5.346496,5.192908,4.394213,5.455432,5.054321,5.092448,5.037257,4.93685,3.896483,5.189175,4.927892,5.140871,5.436062,5.59959,4.750721,4.630686,4.908861,4.577405,4.868203,5.614565,5.386101,4.665778,4.59988,4.498148,5.271365,4.785748,3.798211,4.566164,3.964951,5.303341,5.461969,4.425613,3.994195,4.682657,4.340408,5.42104,4.469499,3.972839,3.538984,4.947829,5.167613,5.145468,4.506566,3.851002,4.226755,4.726878,4.033783,3.914705,4.624672,4.844563,4.084593,3.244583,4.121153,4.795216,2.931963,4.146696,4.796807,4.311207,4.693429,5.007555,3.923172,4.855231,3.150203,5.158651,4.916668,4.506655,4.761533,4.962641,4.306752,4.74921,5.13519,3.727569,3.96581,5.040569,4.728612,4.315563,3.207743,5.002038,5.013792,4.540447,4.519626,3.161983,3.915713,4.102848,4.87476,4.643001,4.270229,4.667051,4.926145,4.585233,4.406689,3.235848,4.681284,4.546355,4.559477,5.164022,4.245527,4.87808,5.116139,4.203092,4.569789,5.130582,5.171852,4.215552,4.575598,4.584728,4.837123,3.862234,4.661697,4.204913,3.589426,4.515309,3.277283,4.750594,5.000079,4.641391,5.155184,3.555602,4.463244,3.084875,4.481462,4.452123,3.906266,4.708603,4.30459,5.075312,4.820229,5.005832,5.240051,4.654312,4.875746,4.360481,4.550812,4.059736,4.8916,4.946688,4.237562,5.150957,4.923601
spect_entropy_ch_F5,5.641768,5.750408,4.681247,5.87839,5.681274,5.557168,5.621768,5.576129,4.567715,5.33512,5.458035,5.606537,5.867619,5.427463,5.921111,5.075237,5.588785,5.49519,5.667079,5.727266,5.74872,5.671927,5.547109,5.015678,5.524656,5.478685,5.609174,5.747967,5.183955,5.659365,5.709127,5.57526,5.59384,3.964591,5.384078,5.641396,5.772595,4.936998,4.495804,4.991532,5.691896,5.505095,5.120248,5.706226,4.800148,5.17734,5.558653,5.034468,5.299208,5.317434,5.681538,5.312319,5.508952,5.061744,5.388334,4.343176,5.399589,4.705935,4.493462,5.590021,5.504904,5.307437,4.942918,4.381325,5.213083,5.497248,5.631747,4.631957,5.348912,5.310306,5.622116,5.500615,5.022558,5.324322,4.96118,5.718067,3.77003,5.158535,5.279238,5.562754,5.20424,5.771212,3.946161,5.515215,5.194601,4.832071,5.380925,3.555186,4.86119,5.458751,5.183144,5.31901,2.999834,3.930073,5.00409,5.271013,5.191668,4.894129,5.089289,5.541101,3.114359,5.187451,4.533296,4.954867,4.094606,2.776414,5.381306,4.971964,5.032383,5.202326,2.597688,4.471288,5.189007,5.044487,5.612634,5.374712,5.295652,5.7946,4.496684,5.579215,4.721237,5.031528,5.766165,4.912055,5.304183,3.625581,5.222828,5.63494,5.603661,5.339079,5.949221,5.394682,4.140234,4.229122,5.430955,4.860155,5.813732,4.966029,3.427421,5.011419
spect_entropy_ch_FT7,4.498906,4.58452,4.13458,5.162602,5.062294,3.953882,3.880845,3.910837,3.57127,4.780654,5.650728,4.548612,5.11972,3.626199,4.676706,4.097439,5.261258,4.741335,4.578084,4.515063,4.898246,4.740402,4.357998,5.626112,4.967283,4.369735,4.845955,5.211331,4.339418,4.969822,4.684433,4.024033,4.84488,3.958933,4.485579,3.78685,3.784623,4.389071,3.699206,4.396856,4.320229,3.968468,4.097892,4.937397,3.884478,4.465754,4.562723,4.718057,4.523462,3.989395,4.924318,4.569683,4.165715,4.003546,4.269622,4.213706,4.9289,3.624798,3.599199,3.221535,4.795734,4.825446,3.963294,3.850589,5.478244,5.56832,4.874953,4.683637,5.573359,5.677123,5.840101,4.596314,4.725148,4.975804,3.130885,5.738629,5.178281,3.157412,5.46122,5.740696,5.213197,5.79484,4.8397,3.109055,4.280986,3.998191,4.704428,4.200345,3.842864,5.169411,4.139626,5.517811,3.549849,4.658307,5.406299,4.775014,5.407426,5.901468,5.60441,5.032453,3.972011,5.86073,5.409604,5.193265,5.194785,4.791902,5.957994,5.76636,5.810188,5.087456,3.982375,3.523884,5.308024,5.391957,5.023542,5.253274,5.698793,5.305811,4.966954,5.971552,5.52033,5.357866,5.752973,5.98244,6.04362,5.370394,5.721582,5.218493,5.985012,5.357896,5.944118,6.097564,4.768515,3.691301,4.676387,6.068165,5.876354,5.636696,4.135498,5.566893
spect_entropy_ch_FC3,4.90965,5.037814,4.17097,4.3288,5.148355,5.016278,4.019132,5.111999,4.762857,3.237687,4.927423,4.520769,4.10356,5.068183,5.143223,4.555924,4.541459,4.003308,4.072999,4.552819,5.078596,4.824376,4.642013,4.408434,5.035647,4.960744,3.730292,3.578622,4.166538,4.298237,4.017014,5.029162,4.612613,4.412575,4.572723,4.327296,5.934903,5.352769,4.994524,5.313759,5.677569,3.744018,5.411246,4.71413,4.01832,4.564946,4.608924,3.829534,3.922876,4.65046,4.496236,3.93418,3.741283,4.322944,5.026754,3.298028,3.547881,4.503653,4.543672,4.158364,4.21181,4.232097,4.659029,4.038783,4.460354,4.936146,4.064422,4.685191,4.545815,4.848361,3.922074,4.967882,4.814366,3.970442,4.782785,3.869721,4.269529,4.122298,4.421083,4.756318,4.671071,4.466894,3.26633,3.928581,4.650954,4.522837,4.254048,3.821768,4.662119,4.566232,4.584968,3.95659,3.058654,4.907971,4.126467,4.334246,4.959988,3.518531,4.842611,4.679166,4.257407,4.456863,4.698648,4.972593,4.554561,3.780878,4.508732,4.774776,4.004166,3.854433,4.074472,3.533031,4.486533,3.225472,5.034092,4.69644,4.525276,5.296767,3.592198,4.40613,2.767457,3.956486,4.61921,3.658999,4.39871,4.173137,5.19352,5.152801,4.822932,5.119575,4.890829,4.552037,4.150917,4.388273,4.723011,4.588251,4.700534,4.027112,4.70148,4.753824
spect_entropy_ch_C1,4.62973,4.351915,5.121774,4.266835,5.322451,4.603911,3.947502,5.367313,4.815156,3.753126,4.385206,4.466563,4.119592,4.728935,4.857485,4.305708,3.054642,4.219352,3.634883,4.081761,4.372263,4.808772,3.767275,3.980345,3.372394,4.620589,3.539111,4.141358,3.871377,4.663134,4.551514,4.729079,4.288475,5.139487,3.630556,4.272385,4.155704,4.427515,4.091987,4.928995,3.914748,2.286884,3.996164,4.21864,3.947195,4.685772,4.155512,3.059539,4.125829,4.435098,4.647343,3.829988,3.511201,4.467081,5.146792,3.878045,3.438474,3.465962,4.591215,3.73682,2.927614,4.469958,4.522898,3.985961,4.792308,4.915736,4.238596,2.652152,4.368939,5.257186,3.555308,4.36929,4.60801,3.65096,4.709977,2.548818,4.417553,3.859187,4.638616,3.643684,4.573833,4.130862,3.878176,4.158086,4.188742,4.500083,4.275483,4.206513,4.285383,3.596357,4.600864,3.710055,3.110426,4.52677,3.725683,4.481185,4.853971,4.388457,4.897894,4.486675,4.513715,4.550354,4.617375,4.699571,5.114065,4.685983,4.26376,4.624186,4.439117,3.376614,4.513245,3.280194,4.678406,3.743226,4.613687,4.538767,4.131084,4.825002,4.054248,4.634771,3.081081,3.567383,4.235961,4.339167,4.45514,4.13902,5.240456,4.749983,4.57519,4.580108,3.871855,4.529812,4.11734,4.340311,5.063711,4.706149,4.224729,3.729949,4.68135,4.043526
spect_entropy_ch_C5,4.684094,4.668579,4.600297,4.288549,4.476274,3.276345,4.204083,4.778391,3.896482,4.445286,4.538475,4.346681,4.781974,3.917114,4.436272,3.940407,4.351997,4.658706,3.74265,4.952027,3.866708,4.26965,4.823658,5.395223,4.930794,3.901768,4.285681,4.712286,3.817606,4.821898,4.188061,4.422847,4.535598,3.995148,4.796323,3.592762,4.193098,3.982408,3.98192,4.562888,3.554422,4.727092,4.469648,5.096932,3.985562,4.853269,4.457475,4.860487,4.167412,4.401729,5.200587,4.717538,4.58605,4.565845,3.941839,5.097049,5.078972,4.293724,3.72292,4.84723,4.351363,4.205184,4.033357,4.206377,3.979972,4.661594,3.782518,3.80069,4.529629,4.476519,4.462579,4.608976,4.644292,4.379257,4.166383,5.227994,4.347418,3.256744,4.113697,4.530865,4.272352,4.458439,3.745264,4.309485,4.152018,4.51614,4.749559,3.921766,4.015971,4.999337,4.341659,4.410926,3.529631,4.491253,4.377492,3.309325,4.438964,4.619069,5.0297,3.899288,3.774403,4.973441,3.800958,4.204684,3.939093,3.676934,5.009962,4.427458,4.222244,4.108519,2.812599,4.355935,4.452938,4.672769,4.194114,4.689802,4.594947,4.395048,4.170154,4.725024,3.408639,3.439627,4.353866,4.633461,4.766153,3.323835,5.129463,4.722376,4.702834,4.814908,4.53145,4.767125,4.680449,4.298169,4.232328,4.934598,4.953783,4.492731,3.054518,4.444478
spect_entropy_ch_TP7,4.58625,4.712666,4.860041,4.108879,3.651898,3.236261,4.929989,4.460101,4.656538,4.347073,3.711875,4.856059,3.917054,3.967014,4.472521,4.592675,4.952988,4.744169,4.267856,3.923955,4.498949,4.705664,4.824673,4.631291,4.89036,4.822088,4.78123,4.963042,4.666092,4.808512,4.75935,5.340793,4.673221,4.174285,4.459811,3.859066,4.355989,4.381774,4.201886,4.579101,4.362312,4.995279,4.54648,4.874424,4.558666,4.665811,4.676871,4.523326,3.934907,3.954268,4.828303,4.344076,4.323022,4.127685,4.538053,4.24148,4.721397,3.853441,4.891833,4.584853,3.630262,3.532881,4.379972,4.161115,4.710868,4.473864,3.220856,3.883726,4.870017,4.812889,4.918855,4.342129,5.079252,2.759587,4.590116,5.023984,3.804198,3.046335,5.136146,4.274067,4.183615,4.337008,4.199294,4.081035,3.880631,4.438209,4.673245,4.486921,4.786421,3.87448,4.14757,4.449655,4.016166,4.292887,3.379768,3.739322,4.081943,4.048164,3.865635,3.520395,3.87977,4.639041,4.864768,4.853619,4.685137,3.961808,5.005616,4.391276,4.808427,3.467448,3.602891,2.503904,3.843646,3.993263,4.339205,4.402229,4.088099,4.474682,3.886965,4.290976,4.432838,3.730879,4.260271,4.676152,4.772176,4.003623,5.10938,5.493767,4.995616,5.528801,5.616934,4.92998,4.912633,4.490528,4.427002,4.310065,4.750169,4.481488,4.232144,4.229931
spect_entropy_ch_CP3,4.805781,4.539679,5.056883,5.210663,4.503674,4.606716,3.896812,5.420074,4.888201,5.07371,4.932486,4.599233,4.658457,4.161272,4.709004,4.90869,3.71092,4.723925,4.64988,4.343801,5.035768,4.260944,5.017457,4.817122,4.628981,4.61305,4.959777,4.007026,4.185057,4.900786,5.527382,4.687256,5.299694,4.087038,5.40127,4.834484,3.245927,4.282321,4.902265,4.084464,3.248787,3.524052,4.701535,4.723229,4.230195,4.851938,4.649977,3.423139,4.526999,4.463673,4.654094,4.488781,4.597443,4.367593,5.121022,4.439748,4.421969,4.806096,5.211394,3.94287,3.66369,3.420705,4.73818,4.674228,4.485505,4.528205,4.171562,4.13381,4.167262,4.702193,3.733235,4.302602,3.810817,4.549388,4.72365,4.743205,4.581996,4.660742,4.385418,4.442718,4.251769,4.089226,4.906318,4.146806,4.312004,4.639548,4.55046,4.796911,5.018701,4.870735,5.209841,5.467655,4.767614,5.525571,4.557475,5.305457,5.786118,5.750045,4.454611,4.471208,5.280607,4.915144,4.524752,4.660107,4.17571,4.671296,4.573862,4.365237,4.440149,4.188714,3.337795,3.022336,4.607568,4.652114,4.769103,4.662028,4.220249,4.614446,4.49981,5.315493,2.715513,4.957354,4.381659,4.573851,4.670349,3.492518,4.664565,4.761653,5.04256,4.795185,4.545369,4.530595,4.469407,4.664431,3.51753,4.828894,4.353893,3.739262,3.98703,3.554193
spect_entropy_ch_P1,5.349944,4.938429,4.882493,3.913028,4.264145,4.214923,3.992279,5.04246,4.08524,4.969387,4.117105,4.949986,4.294168,3.826014,4.223899,4.816475,4.969223,4.304984,3.825444,4.331063,4.85478,3.92065,4.054098,4.31974,3.542489,4.803421,3.667488,4.330841,4.7222,4.700026,4.879712,4.379582,5.586121,3.861322,5.589974,5.144348,4.160431,5.000247,3.99675,2.910658,3.592957,2.166074,4.739698,3.278136,4.536713,4.384607,4.362268,2.773947,4.144084,4.502426,4.073646,4.601607,4.159697,3.680458,5.258672,4.978667,3.861579,3.464571,4.82083,3.169808,2.259333,4.175952,4.518847,3.296395,3.889229,3.821592,4.609914,2.979682,4.1618,3.269685,3.563202,4.494942,2.924967,4.725574,4.429527,3.228734,4.42298,3.380743,4.550788,4.271576,3.089198,3.759874,4.529079,4.164979,4.400431,5.096462,4.605881,4.311545,4.847214,4.797924,4.236835,5.139998,4.496731,5.001459,3.315242,4.161791,4.789833,4.127292,4.195963,4.831113,4.421334,3.969056,4.363892,4.07215,2.760872,4.406907,4.503293,3.740986,4.365492,3.91024,3.889855,2.829595,5.086879,4.011951,4.884079,4.323514,4.871064,4.606008,3.325653,5.237268,3.102858,3.734081,3.00445,4.338498,4.817121,3.475072,4.364725,4.763593,4.528588,3.506099,3.518955,4.636422,4.468969,4.890345,3.845269,4.871713,4.591653,4.455284,4.869126,3.05594
spect_entropy_ch_P5,4.692231,4.827877,4.382053,4.749634,3.119969,3.342596,4.505054,5.03979,4.827797,5.247137,4.92579,4.44585,3.639799,4.000233,4.477492,4.428151,5.539942,5.142043,5.393737,4.292527,4.985627,3.947774,4.860874,4.381235,4.594797,4.592194,4.846314,3.983244,5.223241,5.133106,5.13956,5.177829,5.460629,4.453487,4.95339,4.975936,4.700476,5.173443,4.549949,4.844656,4.271264,4.393711,5.070416,5.300616,4.268906,4.947752,5.060697,4.668579,4.224115,4.663204,4.640338,4.674676,4.721367,4.553129,5.78025,5.298471,3.863809,4.352307,4.749929,4.716947,4.746621,4.01027,4.901398,3.824454,5.044594,4.641893,4.450138,4.267656,3.975749,4.652139,3.359676,3.88236,3.732251,4.647315,4.793706,5.036158,4.524216,3.878582,4.424723,4.172484,4.510098,4.250399,4.799654,3.881075,4.186676,4.742619,4.942675,4.434342,5.106648,4.521308,4.79383,4.879287,5.21925,4.407981,4.299689,4.059392,4.743912,4.243422,3.891362,4.731283,4.697325,4.204807,4.824673,4.525393,4.615053,4.629876,3.130586,4.290518,4.546288,3.29751,3.357973,3.645078,4.604118,4.331731,4.767332,4.408581,4.004367,4.710059,4.279047,4.944242,3.156814,2.836038,3.944212,4.523148,4.410008,3.168038,4.853863,4.749405,4.846042,4.683227,4.404396,4.21541,3.74489,4.302076,3.512061,3.96187,4.173589,3.968475,3.532594,3.932045
spect_entropy_ch_PO7,5.347405,3.757223,4.839423,4.175594,4.316224,3.786306,3.807611,4.326002,4.321928,3.993142,4.552041,4.520361,3.343204,3.287048,4.901642,4.111976,5.936225,5.0978,5.472004,4.862354,4.516429,4.505943,4.427994,4.532137,5.295307,4.763214,3.633627,5.225115,4.845778,4.400698,5.494008,4.95657,3.898754,4.87725,4.764939,4.52437,4.176761,4.449159,4.311331,5.194025,4.934371,4.744781,5.15408,4.809009,4.439172,4.992283,5.141091,3.810703,3.906834,3.351368,5.287903,4.3695,4.109828,4.476411,5.599448,4.372305,3.539334,3.632818,5.126872,4.331284,4.341741,4.461374,4.132173,4.279361,5.506891,4.146922,4.566793,3.707529,4.438948,4.673289,3.722457,4.97444,5.389157,4.502974,4.766419,4.491606,3.797365,3.944557,5.273471,4.047202,4.688268,4.157375,2.601053,3.803698,4.910157,4.871919,5.237624,3.205905,5.285947,4.562625,4.145004,4.592236,2.701557,3.171243,3.706045,4.3044,4.347892,3.971926,3.051201,4.297828,2.178729,3.549281,3.187436,4.665251,1.977845,1.742972,4.292868,4.578318,3.897052,1.920835,1.328848,2.347137,4.578819,3.872762,4.722873,3.956149,3.018088,4.508393,3.914109,5.153896,3.249776,3.650952,4.31366,4.026139,4.470527,1.361821,5.098181,4.7737,5.280438,5.152989,4.903106,4.412408,2.591003,4.438417,3.64546,4.755879,4.701482,3.633878,1.577334,4.143179
spect_entropy_ch_PO3,4.843883,4.649951,4.579917,4.993095,3.850258,4.397523,4.155886,4.960316,3.967629,4.486607,4.69232,5.116203,4.004842,4.315683,4.801529,4.797193,5.804681,4.756,5.042287,4.743079,5.305779,4.267593,3.110438,4.707465,3.491773,4.891585,5.133648,4.215575,5.90293,4.785254,4.992818,5.070006,6.051424,3.730993,4.86063,4.821932,5.057389,5.045591,4.886679,3.249752,3.890555,4.170958,5.124192,3.743488,4.234344,5.167002,4.583536,3.987064,3.920307,4.519627,4.653178,5.068959,4.198778,4.517736,5.169638,4.127299,3.720707,4.440868,4.143249,4.640691,4.172288,4.092402,5.080781,3.934219,4.885911,4.47019,4.932386,4.43889,4.420393,4.133048,3.585813,3.648306,3.450985,4.973403,4.58033,4.8891,4.199627,3.65155,5.002861,4.024849,4.285133,3.981564,4.113057,4.461942,4.89747,5.026924,5.305912,3.921633,4.888237,4.358797,4.033805,4.934732,4.870696,5.033822,3.258973,3.618547,4.723649,4.541295,3.356672,4.603196,4.025996,4.002692,4.233716,4.290129,2.887683,4.611352,4.902138,3.743655,3.661038,2.59836,3.190491,3.807728,4.996613,4.095125,4.776076,4.558134,4.675154,4.736318,4.433148,5.091384,3.617103,3.703941,3.173442,3.886849,4.415256,2.915802,3.822767,4.538873,4.850599,4.499021,3.157111,4.221881,3.471677,4.793846,3.882816,3.927335,4.516752,3.985595,4.823046,3.042302
spect_entropy_ch_POz,5.021933,4.577541,4.217989,4.919795,4.691864,5.364896,3.661037,4.880589,3.160991,4.357678,4.562859,5.302268,4.24643,4.753041,5.198532,5.246775,5.507682,4.157045,4.574238,4.371372,4.576984,3.621151,3.038563,3.893365,3.153036,4.873026,4.776003,4.322781,4.555418,3.468874,4.498378,4.300696,5.547205,3.422687,5.227304,4.705447,4.936869,4.957324,4.221331,2.878881,3.873223,3.330097,4.513496,3.811019,4.795735,4.769783,4.346883,3.299253,4.032556,4.047775,4.424528,4.206776,4.284856,3.980997,4.896776,2.918216,3.901035,2.331969,4.573787,3.314122,2.589681,4.3543,4.584423,3.725848,4.081477,3.45011,4.767178,3.992192,4.821456,3.787701,3.798721,3.089647,3.872908,4.659727,4.501768,4.99031,3.681974,3.71019,5.051918,4.021068,4.428968,4.025773,4.022044,4.707228,5.263976,4.845253,5.415923,3.606964,4.66872,4.811492,4.142293,5.087329,4.279349,4.770239,3.494561,4.19554,5.00966,4.098263,3.070103,5.135961,3.701182,4.172322,4.110554,4.211995,2.291326,4.453923,5.229556,3.51636,3.55849,3.665864,3.649876,3.46589,4.547675,2.932411,4.328986,3.962799,4.969015,4.474733,3.760843,5.139658,3.570154,3.42779,2.940998,3.72369,4.455842,3.264737,4.509026,3.862353,4.4329,4.293957,3.019644,4.177194,3.441134,4.238493,3.828701,3.891566,4.60695,4.312073,4.911597,2.80054
spect_entropy_ch_PO4,5.266552,4.862645,4.589364,4.817273,4.668321,5.635927,4.520395,4.928286,3.185798,3.264226,4.621725,5.129015,4.231307,4.828804,5.62096,5.31922,5.253646,4.613852,4.81082,4.462785,5.260831,4.586774,3.434021,4.891708,3.267746,5.159361,4.710375,4.117058,5.123493,4.23771,4.83878,4.59477,5.367394,3.396375,5.025033,4.96619,5.033191,4.804749,4.37561,3.321551,4.291363,4.081994,4.397853,4.55228,4.708998,4.940806,4.281953,4.05499,4.806912,4.271128,4.349934,4.357965,4.620512,4.265622,5.12911,3.349826,4.101762,3.054259,4.132833,3.677773,4.192104,4.749673,4.945689,3.88895,5.477096,4.62827,4.330951,4.476763,5.047852,4.073787,5.009088,4.62864,4.276622,4.575517,4.183484,4.767641,3.761539,4.406234,4.655449,4.343313,4.732326,4.460892,4.176361,4.335896,4.967291,4.719192,5.084541,3.968117,4.765673,5.661155,4.806025,5.139313,4.656909,5.035047,4.057578,5.159254,4.543386,4.500181,3.579948,5.22032,3.819474,4.131076,4.270953,4.958536,2.496267,4.730981,5.3116,3.503719,3.893381,3.414912,3.867269,4.325391,5.164213,3.579905,4.936057,4.23242,5.185121,4.503381,3.801363,5.035591,4.210334,3.432161,4.107173,3.682583,4.1288,3.328784,4.101424,4.093727,3.729663,4.221245,3.8415,3.780373,3.618732,4.03096,3.988548,3.462828,5.083216,4.108239,5.00114,3.237052
spect_entropy_ch_PO8,5.764382,5.792571,6.029213,5.388849,6.125949,5.50424,5.91468,5.796924,5.448692,4.580038,5.200212,4.53239,5.221432,5.61965,5.985222,5.633695,5.549301,5.670858,6.051126,5.620729,5.617072,5.380262,5.997668,5.24533,5.425218,5.809475,5.681808,5.467892,4.482984,5.785964,6.090929,6.168329,5.351582,5.132958,5.588683,5.313362,5.127715,5.527649,5.053097,5.301349,5.127117,5.082591,5.351393,5.649229,5.846529,5.936108,5.593995,4.286715,5.474616,5.642186,6.002079,4.749323,5.057272,4.893705,5.173398,4.075477,4.994417,5.204413,5.407132,5.644667,5.312809,5.600788,5.625928,5.407385,5.601013,5.715848,4.853885,3.896518,4.878226,5.939149,4.58705,5.866639,5.405565,5.493935,5.827768,4.701096,3.68574,4.341147,5.978642,5.886868,5.587831,4.945673,2.128767,5.07399,5.264892,5.384037,5.341225,2.312194,5.044033,5.656105,5.356858,3.364501,2.656981,4.321276,5.174721,4.672976,5.483433,5.020055,4.500141,4.895268,2.241902,4.613754,3.407147,5.840791,3.431625,2.12986,5.131639,5.185368,4.843891,4.596637,1.578278,5.295953,5.719341,2.950249,5.57999,5.274652,3.994179,5.891302,4.64706,5.945522,3.455124,4.910076,5.965243,4.713598,5.159974,2.580024,5.829642,5.884032,5.939271,5.237303,5.481313,4.820234,2.732135,5.560346,5.786381,4.864046,5.361959,4.723981,1.8362,3.826582
spect_entropy_ch_P6,5.370053,4.357912,5.245589,4.499772,4.765352,5.320457,5.292388,5.008648,2.948391,4.237483,5.01642,5.290299,4.975124,4.894514,5.447542,4.400537,4.03537,4.361963,4.202316,4.4737,5.084739,4.832717,3.807909,4.547491,3.853864,5.11912,4.230689,4.952761,4.633842,4.618059,4.871718,5.11962,4.971223,4.200423,5.264277,4.787458,4.963679,4.612547,4.442041,4.481399,4.513788,5.241123,4.267493,4.908583,4.852415,5.079508,4.59628,4.957018,5.078906,4.47437,4.860231,4.222427,4.568976,3.574846,4.09317,3.946838,4.601516,3.023814,3.851729,4.143091,4.717372,4.669394,4.856935,3.653992,5.322917,5.440791,4.59369,4.009993,4.392683,4.694297,4.88418,5.14822,4.491223,4.507674,4.02012,5.017275,4.019487,4.973814,4.956787,5.431205,4.279341,4.692347,4.185491,4.695979,5.440836,4.735126,5.263839,4.330045,4.638253,5.107218,4.901636,5.001284,4.505725,4.643995,5.196129,4.904361,4.164619,4.492797,4.355152,4.657273,4.124016,3.890857,4.415216,5.173033,3.849759,4.597184,5.194219,4.414287,4.171477,3.955517,4.157607,4.492726,5.373849,3.793928,5.245056,5.004739,4.918779,4.195139,3.955905,4.734123,3.542868,3.711442,4.825341,3.395911,4.29819,3.761631,4.184191,4.260746,4.376697,4.601217,4.982707,4.595572,4.190156,4.551134,4.500612,4.132997,5.170225,4.690114,4.716117,4.458529
spect_entropy_ch_P2,4.348319,4.497208,4.52283,5.570853,4.808658,4.471575,5.089971,5.320695,3.620467,5.368996,5.271161,5.504926,4.348845,4.627048,5.186391,4.264011,5.040219,4.684934,4.189803,4.268615,4.668419,3.761103,3.730494,4.897346,3.574463,5.144657,4.361898,4.972746,4.875959,4.773768,4.937288,4.372373,4.904584,3.523426,5.120093,4.959312,4.185227,4.116393,4.214401,3.936928,4.733628,3.487642,4.323185,4.358746,4.45928,4.388866,4.001149,3.647598,5.198941,4.32208,4.634621,4.353486,5.074264,4.548315,5.153852,3.795461,4.686996,2.612834,3.808369,3.216099,2.421629,4.847095,4.383285,3.545825,5.147302,4.92152,4.890854,4.618273,4.88258,3.715925,5.629084,5.006098,4.113477,4.578515,4.318843,5.359242,4.163581,5.183779,4.677429,5.290116,3.279999,4.47307,4.506437,4.42262,5.401236,4.769654,5.296981,4.361213,4.628682,5.004586,4.250655,4.841626,4.76204,4.761645,3.747082,4.088091,4.522067,4.582017,4.20751,4.92816,3.873402,4.095238,4.023587,5.158533,2.454082,4.619205,4.812897,3.957279,4.261686,4.647289,4.510896,3.468908,4.738592,3.24964,4.990634,4.251255,4.977578,3.021161,2.85132,4.76645,4.677609,3.627779,4.574115,3.331166,4.415433,3.811753,4.285133,4.344289,4.075809,4.192844,4.129484,4.728875,4.366741,4.000704,3.412854,4.726471,4.912843,4.721344,4.907155,3.213665
spect_entropy_ch_CPz,4.924439,4.569411,3.818304,3.263216,5.227979,4.782058,3.84965,4.509333,4.480944,4.762308,4.483515,4.577179,4.654157,4.567586,4.636224,3.65131,4.423609,3.50481,3.855108,4.257745,4.903711,4.608115,3.324287,4.578731,4.710969,4.591218,3.387934,4.841271,3.478631,4.735115,4.893352,4.095457,4.079996,4.322278,3.982211,5.085259,3.915172,4.282969,4.082436,4.943438,3.90892,3.023778,4.452543,3.99707,3.599844,4.332343,3.878716,2.987294,3.954651,4.197043,4.489934,3.958107,4.452931,3.695759,5.138775,3.157305,3.563303,3.531157,4.705638,2.992756,1.889703,4.149279,3.72098,3.64216,4.394714,4.704799,4.844026,2.617742,4.344622,5.051176,3.391191,5.053014,4.760223,3.788505,4.525457,4.49222,4.27476,3.521627,4.625347,4.865732,3.9576,4.006324,4.454375,4.417226,4.36561,3.438778,4.745739,4.489601,4.975086,4.179876,3.717646,3.874167,3.601223,4.287375,3.312395,4.023205,4.379712,3.918547,4.791782,4.97136,4.624115,4.343581,4.417575,4.171147,3.655815,4.495203,4.194853,3.745453,4.773555,3.244484,4.429468,2.669401,4.775003,3.405274,4.539291,4.423427,4.513798,4.546059,3.147603,4.912344,2.919667,3.625868,4.626791,4.224999,4.355274,3.96799,4.517283,4.748966,3.751723,3.472833,4.021645,3.977332,4.417433,4.069263,3.767748,4.560256,4.267952,4.210073,4.727745,3.04812
spect_entropy_ch_CP4,4.962128,5.090599,5.308752,5.060309,4.742419,3.637951,4.010263,3.526898,3.770595,4.7056,4.735766,5.095689,4.088154,4.464644,5.192236,3.332277,4.77336,4.167834,4.067367,4.88541,4.620978,4.958129,4.253116,4.480242,4.919813,5.067389,4.405528,4.773271,5.059916,4.938546,4.510914,5.261491,5.149519,4.120967,4.435189,4.333595,4.422173,4.15163,4.275769,5.420376,4.938431,4.637344,4.661051,4.544955,3.779738,4.517518,4.258008,3.845601,3.551567,4.247118,4.665752,4.977041,4.95682,4.518063,5.056401,4.760302,4.869459,4.031615,4.2296,3.548954,3.609619,4.484184,4.280936,4.168189,4.682688,4.398797,4.687256,4.849173,4.555416,4.93892,3.221566,4.753235,4.833093,4.860153,4.060823,4.763167,4.618876,4.022391,4.805946,5.047083,3.558631,4.759969,4.299114,5.235169,4.513567,4.828048,4.787896,4.876237,4.743659,4.421743,4.291369,5.18665,4.628806,5.131066,3.9807,4.23291,4.319743,4.437966,4.871049,4.636815,4.978819,4.263704,4.349801,5.017225,4.93605,4.423189,4.881987,4.60572,5.135028,3.367573,4.04645,3.878135,4.666063,4.532262,4.31914,4.834125,4.945161,4.07332,3.853515,3.752395,4.668002,4.09195,4.758009,3.459696,4.396964,4.393937,5.043212,5.044892,5.186268,4.513761,4.913669,5.349294,4.945161,4.593463,3.337479,4.446136,5.135561,4.906199,4.492545,3.557661
spect_entropy_ch_TP8,5.359851,4.844268,5.254309,4.795835,5.585955,5.753179,5.406715,5.41852,5.449558,5.335639,5.523861,5.119006,5.138985,4.914167,5.500228,4.302563,4.593821,5.123538,4.923297,4.92522,4.738335,5.074839,5.456629,4.894028,5.096461,5.542809,4.45367,5.410086,3.666125,4.202494,5.754681,5.28234,5.294471,4.705168,4.944579,5.03412,4.801765,4.740569,4.741125,5.565346,5.329971,5.659509,5.245749,5.409045,5.161912,5.606374,5.404961,5.017094,5.618508,5.396184,5.497836,4.451582,5.385155,5.146819,5.493061,3.092043,4.800148,4.249002,5.238084,5.599561,4.895426,4.604051,4.997037,3.283404,3.256556,5.393156,4.916311,4.374291,4.812224,5.369349,4.384656,5.677153,5.275072,3.735625,4.751974,4.444742,5.248827,4.351346,5.677185,5.449835,5.289279,5.118847,4.513207,5.034036,4.990756,5.481316,5.344526,4.791779,5.074292,5.469851,4.987903,5.342641,4.170555,4.933884,5.057523,4.865768,5.179093,5.667509,5.82613,5.560318,5.632811,5.14252,5.780184,5.662734,5.040102,4.915191,5.412538,5.342403,5.63581,5.939351,5.671337,5.194882,5.233307,4.884438,5.719374,3.660511,5.422175,5.577435,5.742285,5.347273,2.734689,6.157507,5.507759,5.386794,5.442657,5.802148,4.145819,5.150743,4.572034,4.779594,5.147183,4.940494,5.511743,5.038037,5.372366,5.60158,5.993988,5.650383,5.944183,3.684773
spect_entropy_ch_C6,5.136186,5.085745,5.684319,4.227979,4.505036,4.114083,4.984891,5.057618,5.164886,5.018717,5.304982,4.629124,3.778951,4.103875,5.128269,4.795836,3.718383,5.272271,4.294042,4.509371,4.930713,5.012966,5.068123,5.201173,4.589352,5.73037,5.126051,4.510496,4.185972,4.194541,5.239981,4.173623,4.457597,4.899061,4.704196,4.597873,4.49054,4.513065,4.597937,4.422853,3.913611,4.519599,4.676941,4.946345,4.343459,4.707568,4.739063,4.752058,4.330969,4.934403,4.864364,4.749882,4.691532,4.717837,5.077251,4.271162,4.285056,4.085138,4.961969,4.069943,3.908487,4.416211,4.756198,4.466533,4.146599,3.827565,5.367545,4.914146,4.188941,5.115621,3.038946,3.355054,5.046224,3.733404,4.778723,5.062779,4.676498,3.618495,4.775828,4.64362,4.149459,4.478793,3.510223,4.542821,4.513818,4.742124,3.487781,3.481877,4.35614,3.701606,4.515956,4.328144,3.779738,4.512065,4.570904,4.562024,4.698054,4.611085,3.18536,4.463447,3.990892,4.674014,4.827539,4.401957,3.130563,3.730133,4.709211,4.500017,3.735685,4.208815,2.421278,4.58124,4.338033,4.519295,4.844837,3.934304,4.028195,4.607208,4.619283,4.531429,2.79039,4.213215,4.624847,3.486746,4.541867,2.803885,5.191164,5.180452,4.410712,5.14686,4.009584,4.340044,4.139797,4.681699,4.041624,4.021004,4.581658,4.436305,3.205858,3.983967
spect_entropy_ch_C2,4.57449,3.731842,4.361269,3.656995,4.244707,3.350514,3.939726,5.000396,4.993693,4.643465,4.846653,4.523222,3.690609,4.525002,4.763436,3.527954,4.998942,3.872188,4.192239,4.14931,4.684414,3.971996,3.491367,3.859492,4.669923,4.665633,3.59179,5.261152,3.40948,4.17385,4.63513,4.396057,3.834167,4.961692,3.92323,4.060975,4.580783,4.348456,4.386575,4.396146,4.6266,3.36239,4.13162,4.701498,4.19686,4.327162,4.363952,3.660016,3.112842,4.142386,4.842033,4.264318,3.8824,4.020145,5.025463,3.392847,3.402123,4.000496,4.676786,3.89462,3.743029,4.754047,4.260823,4.151382,4.95025,4.075123,4.861452,3.819746,4.301112,4.390585,3.099011,4.456812,4.170981,4.570575,4.731834,3.936556,4.353639,3.731337,4.517567,4.003348,4.163201,3.871416,4.081709,3.959216,4.711202,3.879767,4.672651,4.542058,4.394448,4.151934,4.284693,3.788007,3.833355,4.429565,3.979501,3.953455,4.528038,4.108368,4.058185,4.659656,3.918413,4.594746,4.64107,5.114363,5.154884,3.853514,4.008961,4.392726,4.233647,2.697613,3.603522,3.546941,4.282848,3.427682,4.269263,4.490929,4.218348,4.32055,3.46028,3.724433,3.556528,3.232219,4.798534,4.159581,4.527421,3.262634,4.947352,4.015279,4.329262,3.887098,4.835329,3.387259,4.10856,4.042036,3.956083,3.989595,4.358714,4.534847,3.98441,4.45533
spect_entropy_ch_FC4,4.911318,4.667012,4.944827,3.973651,4.079105,3.600186,4.462695,4.126131,4.985757,4.235167,4.993106,4.460635,3.987109,5.131418,4.895758,4.557869,5.302073,4.614249,4.251335,4.243616,4.823785,4.096144,3.918298,4.387913,4.705447,4.590985,5.129146,4.426806,5.157168,4.427287,4.846965,3.462665,4.712378,5.422998,4.631642,4.281673,4.712085,4.789286,4.602095,3.944414,5.208661,4.550092,5.105412,4.518651,4.69515,4.167574,4.555813,4.224679,3.307684,4.382884,4.983578,4.847506,4.03988,4.381552,4.893044,3.821721,4.013739,4.254521,4.142217,3.767536,4.564947,4.289307,4.46986,3.743609,5.075666,4.387003,3.980432,4.319016,4.960524,4.34234,4.432811,4.221654,4.76128,4.450507,5.048906,4.217299,4.821752,3.125894,4.710924,3.832433,4.472718,3.91879,3.818933,4.003323,4.968955,4.845815,4.449408,4.580028,4.713826,4.504606,4.436222,4.512168,4.17114,4.607414,4.065491,4.38545,4.630835,4.1095,3.8873,4.911978,3.759691,4.722206,4.962073,5.163585,4.718587,4.729987,4.613512,4.827243,4.080607,2.952159,3.372446,3.049682,4.004065,3.677328,4.377433,4.441088,4.189872,4.709743,3.713611,4.516466,3.685968,3.899554,4.348979,4.232508,4.672669,2.973801,4.972895,4.462332,5.054189,4.656072,4.863102,4.608485,4.420407,4.162978,4.047506,4.746883,4.817987,4.584867,3.405189,4.85412
spect_entropy_ch_FT8,4.989104,5.327882,5.110674,5.141364,4.94563,4.507088,4.585334,4.773508,4.734448,5.382426,5.433073,4.757565,5.311361,5.060275,5.432552,4.969805,4.337222,5.602505,4.80766,4.410059,5.323696,5.183743,4.784305,5.530699,4.909457,5.161093,5.11658,4.629689,4.595803,4.926323,5.187013,4.607914,5.390559,5.421298,5.172495,5.344021,4.698867,5.17379,4.832476,5.278619,4.095194,4.249096,5.044507,4.463289,4.245308,4.943965,4.771329,4.472079,4.222547,5.713232,4.992999,4.948952,4.937149,5.315127,4.591228,3.075767,4.216624,3.872954,4.919244,4.401814,5.070961,4.764032,4.430066,4.549041,4.934494,4.973455,5.109203,4.611537,4.385099,4.262578,3.956822,5.622337,4.772328,4.985052,5.230438,5.556,4.080875,4.920054,5.191518,4.534768,4.311486,4.571152,2.932576,4.87004,4.709109,4.766814,4.068052,3.766518,5.036883,5.00983,4.807246,4.491754,3.238712,5.356652,4.911197,4.642923,5.139615,4.863353,4.358093,4.269077,3.091012,4.875811,4.736272,4.177523,2.601475,3.905219,4.020588,3.808867,4.453843,4.43278,2.228381,3.630965,4.911803,4.487143,4.485188,5.010055,4.414264,5.258328,4.924886,4.9424,2.720132,5.399966,4.245125,4.052596,3.764093,2.385188,5.450957,5.066585,4.639855,4.797067,4.498666,4.657302,4.504646,4.97221,5.464266,5.363182,4.36852,4.437019,2.656494,3.215022
spect_entropy_ch_F6,5.066066,4.968474,5.565447,5.807075,3.497254,4.848105,5.238324,4.675384,4.547779,5.530468,5.44532,3.658127,4.647212,4.973341,5.319361,5.199935,4.964082,5.159147,5.46709,4.66788,5.113235,4.923971,4.355399,5.752229,4.912223,4.802065,4.689472,4.609565,5.429351,5.394152,5.602813,5.352323,5.811732,5.844882,5.588997,5.156376,4.645147,5.006799,5.414406,5.780762,5.196082,5.382845,5.618879,5.248869,4.932186,5.585263,5.721465,4.5443,5.745789,5.818001,5.978408,5.656727,5.595818,6.032111,5.482965,5.17116,5.127585,4.176473,5.084632,5.124014,4.274221,4.529523,5.24132,4.82077,5.106286,4.290323,4.561998,3.344299,5.182707,4.900895,4.57913,4.0152,5.361592,5.067886,5.200452,5.720151,4.880611,4.724305,4.313201,4.505029,4.601496,4.475253,3.775121,5.08989,4.381627,5.179559,4.000652,3.105229,5.164255,5.08438,5.148814,5.4682,2.979006,4.549308,4.401365,4.802135,4.882505,4.820357,3.603754,4.111085,2.586512,5.110912,5.063093,4.679158,2.941315,3.130989,5.202678,4.671875,4.667472,3.341889,2.099983,3.953962,4.948089,3.470557,4.593364,4.585783,4.315676,4.566222,5.298519,5.560195,3.228759,4.908773,4.74341,4.128141,4.797227,2.299728,4.886442,5.425158,5.034033,4.682325,4.583346,4.53504,3.793552,4.955838,4.059994,3.992328,5.082572,3.976026,2.07711,3.667475
spect_entropy_ch_AF8,5.975326,5.540747,5.705405,5.962837,5.662698,4.992026,6.148873,5.854587,5.388961,5.588812,5.773651,5.53886,5.582303,5.516582,5.684318,5.416011,5.668098,5.843705,5.746003,5.810749,5.606392,5.643944,5.291983,5.899231,5.748198,5.53998,5.779176,5.506559,5.55724,4.099542,5.450653,5.279534,4.972259,5.852479,5.921255,5.411389,4.583537,4.922685,5.422171,5.731575,4.38591,5.091558,5.908244,5.933588,5.626613,5.311728,5.438766,4.441101,5.043236,5.364704,5.866404,5.740402,5.381786,5.671028,5.764746,5.33095,5.350495,4.592776,5.908795,5.183346,5.74271,5.551265,5.237514,5.619804,5.630077,5.241671,5.295622,5.174646,5.765398,5.831091,5.261012,5.48895,5.710527,5.757933,5.747445,5.95903,4.7778,5.510202,5.640018,5.853295,5.017256,5.220077,3.429719,5.49888,5.696083,5.739148,5.724038,3.208856,5.376636,5.739896,5.659017,5.814598,3.177531,4.259752,5.440569,4.748303,5.848535,5.246451,4.58847,5.941916,2.576513,5.643989,5.342116,5.353154,3.197093,2.70911,5.295114,5.617144,5.142243,3.383487,2.310092,5.625157,5.777939,3.874863,5.848384,5.703378,4.398075,5.475531,5.516029,5.817512,3.179576,5.860583,5.02087,4.962408,5.293666,2.339574,5.010225,5.59001,4.802032,5.59108,5.223283,5.345108,3.776569,5.441648,5.340633,4.773543,5.64935,5.637539,2.930053,3.698415
spect_entropy_ch_AF4,6.02575,5.753267,6.053682,5.805887,5.863659,6.102558,5.66564,5.964469,5.905374,6.004499,5.884292,5.94949,5.853338,5.975409,5.89641,5.836688,5.939019,5.872499,5.811775,5.948494,5.928123,5.725519,5.848047,5.886235,5.827483,5.905671,5.484965,6.0086,6.137678,5.922726,5.536709,6.177513,6.213768,5.881971,5.896854,5.707769,6.02017,5.878227,5.876127,6.020305,5.835005,5.524114,5.918432,6.063972,5.825632,5.718932,5.653219,5.632176,5.756873,5.874072,5.719761,5.92075,5.448843,6.053654,5.8397,5.687408,5.584852,5.968326,5.934051,6.005919,5.772941,5.783982,5.998102,5.932652,5.668968,5.649085,5.97231,5.808974,5.69044,5.678047,5.801493,5.640185,5.882568,5.884177,5.717028,5.681313,5.954312,5.603904,5.570336,5.628849,6.018291,5.968475,5.559909,5.780125,5.84471,5.718934,5.881795,5.225679,6.027567,5.56579,5.917372,6.092401,5.157411,5.346192,5.880747,5.851576,5.889847,5.880326,5.435575,5.840099,4.739028,5.766627,5.932708,5.078407,5.101505,5.257078,6.031857,6.131176,5.49237,5.253264,4.552885,5.587017,5.789668,5.440169,5.723925,6.009005,5.810544,5.997463,5.747752,5.961412,5.784373,6.005502,5.161524,5.840709,5.907866,4.88354,5.878169,5.762679,5.894538,5.915561,5.571761,6.048738,5.204144,5.760875,5.502147,5.798457,6.031236,6.043787,4.733063,5.538087
spect_entropy_ch_F2,5.031654,5.049089,4.934,4.007745,4.545347,3.903077,5.167707,4.947004,4.984623,5.212662,5.490318,5.218055,5.020364,5.666214,5.428565,5.099658,5.435293,5.293591,4.87513,5.095813,5.629118,4.683339,4.649537,4.861339,4.807085,5.136354,5.420901,4.784236,5.614753,5.15807,5.30626,4.777682,5.135958,4.898956,4.976772,4.528804,5.543301,5.077586,4.515695,4.656674,5.48246,4.637196,5.34365,5.5826,4.895493,4.566062,4.846172,4.622281,4.277554,4.794374,4.98058,4.805228,3.771426,4.884991,5.667476,3.883086,4.042212,4.660844,5.259573,5.778614,4.866622,4.366425,4.974243,3.818375,5.318285,4.852294,4.697259,4.78303,5.392521,4.356877,4.953197,4.934756,3.883736,5.208538,5.257437,5.16847,4.989184,2.499976,4.988436,5.111082,5.200608,4.808872,4.265752,4.451874,5.127385,4.926091,4.968492,4.996742,5.365053,5.270674,5.084457,5.001611,4.460202,5.169888,4.394248,4.766799,5.061084,5.024932,4.195342,5.419516,4.121565,4.702241,5.601326,5.196059,4.42463,4.997994,5.152888,5.475307,4.415179,3.906683,4.030634,3.292221,4.303981,4.347639,4.149547,4.932866,5.11254,5.007639,4.019439,5.102332,4.138027,4.960057,4.729674,4.790031,4.735661,3.555153,4.97161,5.158053,5.304274,4.116548,5.086866,5.006076,4.682,4.58717,4.353769,5.3739,5.412009,5.198029,3.425693,4.736682
spect_entropy_ch_FCz,4.535278,4.511313,4.76596,3.647484,5.174649,3.552249,4.146577,3.844788,4.859935,3.516982,4.797236,4.395617,4.42349,4.470952,4.526204,4.27308,4.132584,4.562146,3.78649,4.594687,5.017922,4.458557,4.185366,3.981663,4.384234,4.711435,4.302047,3.803623,4.011109,3.475882,3.766169,4.508567,4.031992,4.612381,4.22513,4.282652,5.646999,5.035112,3.675392,4.257486,4.60279,4.421867,4.320918,4.134864,3.477276,4.214186,4.484516,4.007539,3.466326,4.207925,4.619702,3.857091,3.242385,4.055301,4.656774,2.661417,3.740085,4.225976,4.901328,4.032687,4.490761,3.767456,4.416135,3.437923,4.368824,3.688786,4.15384,4.317871,4.517436,4.147593,3.864879,4.583958,2.976117,3.923638,4.617395,3.079363,4.076989,2.404424,3.968343,4.456371,4.444833,4.232014,2.650958,3.526238,4.262281,4.396532,4.377448,4.417999,4.677996,4.539604,4.120603,4.053532,3.375289,4.532399,4.115173,4.185241,4.567967,3.703649,3.955617,4.697654,4.156501,4.478203,4.830787,4.835892,4.513227,4.751841,4.259308,4.722333,4.012993,3.029425,3.806753,3.382575,3.785207,3.43793,4.522827,4.738599,3.977679,4.527468,3.158771,4.077518,2.797793,3.638796,4.013306,4.200895,4.072374,3.426804,4.275249,3.745305,4.632108,5.003605,4.552096,4.509456,4.267008,3.904505,4.125935,4.552284,4.779184,3.936095,4.802452,4.443858
eyes,open,open,open,open,open,open,open,open,open,open,open,open,open,open,open,open,open,open,open,open,open,open,open,open,open,open,open,open,open,open,open,open,open,open,open,open,open,open,open,open,open,open,open,open,open,open,open,open,open,open,open,open,open,open,open,open,open,open,open,open,open,open,open,open,open,open,open,open,open,open,open,open,open,open,open,open,open,open,open,open,open,open,open,open,open,open,open,open,open,open,open,open,open,open,open,open,open,open,open,open,open,open,open,open,open,open,open,open,open,open,open,open,open,open,open,open,open,open,open,open,open,open,open,open,open,open,open,open,open,open,open,open,open,open,open,open,open,open,open,open
site,Zuerich,Zuerich,Zuerich,Zuerich,Zuerich,Zuerich,Zuerich,Zuerich,Zuerich,Zuerich,Zuerich,Zuerich,Zuerich,Zuerich,Zuerich,Zuerich,Zuerich,Zuerich,Zuerich,Zuerich,Zuerich,Zuerich,Zuerich,Zuerich,Zuerich,Zuerich,Zuerich,Zuerich,Zuerich,Zuerich,Zuerich,Zuerich,Zuerich,Zuerich,Zuerich,Zuerich,Zuerich,Zuerich,Zuerich,Zuerich,Zuerich,Zuerich,Zuerich,Zuerich,Zuerich,Zuerich,Zuerich,Zuerich,Zuerich,Zuerich,Zuerich,Zuerich,Zuerich,Zuerich,Zuerich,Zuerich,Zuerich,Zuerich,Zuerich,Zuerich,Zuerich,Zuerich,Zuerich,Zuerich,Zuerich,Zuerich,Zuerich,Zuerich,Zuerich,Zuerich,Zuerich,Zuerich,Zuerich,Zuerich,Zuerich,Zuerich,Zuerich,Zuerich,Zuerich,Zuerich,Zuerich,Zuerich,Zuerich,Zuerich,Zuerich,Zuerich,Zuerich,Zuerich,Zuerich,Zuerich,Zuerich,Zuerich,Zuerich,Zuerich,Zuerich,Zuerich,Zuerich,Zuerich,Zuerich,Zuerich,Zuerich,Zuerich,Zuerich,Zuerich,Zuerich,Zuerich,Zuerich,Zuerich,Zuerich,Zuerich,Zuerich,Zuerich,Zuerich,Zuerich,Zuerich,Zuerich,Zuerich,Zuerich,Zuerich,Zuerich,Zuerich,Zuerich,Zuerich,Zuerich,Zuerich,Zuerich,Zuerich,Zuerich,Zuerich,Zuerich,Zuerich,Zuerich,Zuerich,Zuerich,Zuerich,Zuerich,Zuerich,Zuerich,Zuerich,Zuerich
subject_id,70001,70001,70001,70001,70001,70001,70001,70001,70001,70001,70001,70001,70001,70001,70001,70001,70001,70001,70001,70001,70001,70001,70001,70001,70001,70001,70001,70001,70001,70001,70001,70001,70001,70001,70001,70001,70001,70001,70001,70001,70001,70001,70001,70001,70001,70001,70001,70001,70001,70001,70001,70001,70001,70001,70001,70001,70001,70001,70001,70001,70001,70001,70001,70001,70001,70001,70001,70001,70001,70001,70001,70001,70001,70001,70001,70001,70001,70001,70001,70001,70001,70001,70001,70001,70001,70001,70001,70001,70001,70001,70001,70001,70001,70001,70001,70001,70001,70001,70001,70001,70001,70001,70001,70001,70001,70001,70001,70001,70001,70001,70001,70001,70001,70001,70001,70001,70001,70001,70001,70001,70001,70001,70001,70001,70001,70001,70001,70001,70001,70001,70001,70001,70001,70001,70001,70001,70001,70001,70001,70001
